,species_name,coded_property_name,collapsed_data_maximum,collapsed_data_minimum
0,amphiscirpus_nevadensis,fruit_length,2.3mm,2mm
1,amphiscirpus_nevadensis,fruit_width,1.7mm,1.5mm
2,amphiscirpus_nevadensis,leaf_width,2mm,0.5mm
3,amphiscirpus_nevadensis,plant_height,70cm,10cm
4,blysmopsis_rufa,fruit_length,5mm,4mm
5,blysmopsis_rufa,fruit_width,1.7mm;1.3mm,1.3mm;1mm
6,blysmopsis_rufa,leaf_width,4mm,1.5mm
7,blysmopsis_rufa,plant_height,45cm,10cm
8,carex_aboriginum,branch_quantity,3,1
9,carex_aboriginum,leaf_width,4.5mm,3mm
10,carex_aboriginum,plant_height,80cm,55cm
11,carex_abrupta,inflorescence_length,2.2cm,1.2cm
12,carex_abrupta,inflorescence_width,9mm;18mm,6mm;9mm
13,carex_abrupta,leaf_width,4.9mm;3.7mm,3.7mm;1.5mm
14,carex_abrupta,plant_height,66cm,18cm
15,carex_abscondita,fruit_length,4mm,2.6mm
16,carex_abscondita,fruit_width,1.8mm,1.2mm
17,carex_abscondita,leaf_width,9mm,3mm
18,carex_abscondita,plant_height,30cm,7cm
19,carex_acidicola,branch_quantity,0.95,0.68
20,carex_acidicola,fruit_length,3.3mm,3.1mm
21,carex_acidicola,fruit_width,1.8mm,1.5mm
22,carex_acidicola,inflorescence_length,36cm,8.8cm
23,carex_acidicola,leaf_width,4.3mm;5.5mm,3.7mm;4.3mm
24,carex_acidicola,plant_height,41cm,11cm
25,carex_acutiformis,branch_quantity,5,2
26,carex_acutiformis,inflorescence_length,35cm,15cm
27,carex_acutiformis,leaf_width,5.5mm;20mm;12mm,4.5mm;12mm;5.5mm
28,carex_acutiformis,plant_height,130cm,55cm
29,carex_adelostoma,branch_quantity,3,2
30,carex_adelostoma,leaf_width,3mm,2mm
31,carex_adelostoma,plant_height,35cm,20cm
32,carex_adusta,inflorescence_length,4.5cm,2cm
33,carex_adusta,inflorescence_width,20mm,12mm
34,carex_adusta,leaf_width,3.5mm,2mm
35,carex_adusta,plant_height,80cm,25cm
36,carex_aestivalis,fruit_length,2.1mm,1.8mm
37,carex_aestivalis,fruit_width,1mm,0.8mm
38,carex_aestivalis,leaf_width,3mm;2mm,1.5mm;1mm
39,carex_aestivalis,plant_height,60cm,25cm
40,carex_aggregata,fruit_length,2.1mm,1.8mm
41,carex_aggregata,fruit_width,1.8mm,1.6mm
42,carex_aggregata,inflorescence_length,2cm;5cm,1.5cm;2cm
43,carex_aggregata,inflorescence_width,13mm,8mm
44,carex_aggregata,leaf_width,5mm,3.5mm
45,carex_aggregata,plant_height,30cm;30cm;100cm,20cm;20cm;30cm
46,carex_alata,inflorescence_length,6.5cm,2cm
47,carex_alata,inflorescence_width,20mm,7mm
48,carex_alata,leaf_width,6mm,2.5mm
49,carex_alata,plant_height,140cm,30cm
50,carex_albicans,fruit_length,1.7mm,1.2mm
51,carex_albicans,fruit_width,1.3mm,0.7mm
52,carex_albicans,leaf_width,2.5mm,0.8mm
53,carex_albicans,plant_height,45cm,10cm
54,carex_albida,leaf_width,6mm,3mm
55,carex_albida,plant_height,60cm,0cm
56,carex_albolutescens,inflorescence_length,4cm,1.5cm
57,carex_albolutescens,inflorescence_width,12mm,4mm
58,carex_albolutescens,leaf_width,3.5mm,2mm
59,carex_albolutescens,plant_height,120cm,25cm
60,carex_albonigra,branch_quantity,3,1
61,carex_albonigra,leaf_width,5mm,2.5mm
62,carex_albonigra,plant_height,30cm,10cm
63,carex_albursina,fruit_length,3.8mm,2.5mm
64,carex_albursina,fruit_width,1.8mm,1.6mm
65,carex_albursina,leaf_width,3.2mm;8.3mm;62mm;38mm,2.9mm;3.2mm;38mm;13mm
66,carex_albursina,plant_height,62cm,10cm
67,carex_alma,branch_quantity,20,10
68,carex_alma,fruit_length,1.5mm,1.2mm
69,carex_alma,fruit_width,1.2mm,1mm
70,carex_alma,inflorescence_length,12cm,4cm
71,carex_alma,inflorescence_width,20mm,15mm
72,carex_alma,plant_height,90cm,0cm
73,carex_alopecoidea,branch_quantity,12,8
74,carex_alopecoidea,plant_height,80cm,0cm
75,carex_amphibola,branch_quantity,0.93,0.48
76,carex_amphibola,fruit_length,0.7;2.8mm;0.67;3.4mm,0.67;2.6mm;0.55;2.8mm
77,carex_amphibola,fruit_width,1.5mm;1.8mm;1.7mm,1.3mm;1.7mm;1.5mm
78,carex_amphibola,leaf_width,4.4mm;7mm,3.7mm;4.4mm
79,carex_amphibola,plant_height,7.3cm;2.4cm;80cm,2.4cm;0.3cm;15cm
80,carex_amplectens,inflorescence_length,6.5cm,4cm
81,carex_amplectens,inflorescence_width,18mm,10mm
82,carex_amplectens,leaf_width,6.5mm;5mm,5mm;3mm
83,carex_amplectens,plant_height,50cm;50cm;90cm,30cm;30cm;50cm
84,carex_amplifolia,fruit_length,1.7mm,1.5mm
85,carex_amplifolia,fruit_width,1.3mm,1mm
86,carex_amplifolia,leaf_width,23mm;20mm,20mm;8mm
87,carex_amplifolia,plant_height,130cm;130cm;100cm,100cm;100cm;50cm
88,carex_angustata,leaf_width,7mm,4mm
89,carex_angustata,plant_height,110cm,30cm
90,carex_annectens,branch_quantity,15,10
91,carex_annectens,fruit_length,1.5mm,1.2mm
92,carex_annectens,fruit_width,1.2mm,1mm
93,carex_annectens,inflorescence_length,7cm,4cm
94,carex_annectens,plant_height,75cm,0cm
95,carex_anthoxanthea,leaf_width,2.5mm,1.5mm
96,carex_anthoxanthea,plant_height,40cm,5cm
97,carex_aperta,leaf_width,6mm,3mm
98,carex_aperta,plant_height,90cm,15cm
99,carex_appalachica,fruit_length,2mm,1.4mm
100,carex_appalachica,fruit_width,1.3mm,0.8mm
101,carex_appalachica,inflorescence_length,8cm,2cm
102,carex_appalachica,inflorescence_width,6.5mm,2.5mm
103,carex_appalachica,leaf_width,1.5mm,0.9mm
104,carex_appalachica,plant_height,60cm,20cm
105,carex_aquatilis,leaf_width,8mm;18mm;8mm;8mm,2.5mm;5mm;5mm;5mm
106,carex_aquatilis,plant_height,150cm;120cm;150cm;100cm;100cm,20cm;20cm;35cm;35cm;35cm
107,carex_arapahoensis,inflorescence_length,2.5cm;2cm,2cm;1.2cm
108,carex_arapahoensis,inflorescence_width,12mm;18mm,8mm;12mm
109,carex_arapahoensis,leaf_width,3.2mm,2.2mm
110,carex_arapahoensis,plant_height,30cm,20cm
111,carex_arcta,inflorescence_length,4cm,1.5cm
112,carex_arcta,inflorescence_width,12mm,7mm
113,carex_arcta,leaf_width,4mm,2mm
114,carex_arcta,plant_height,80cm,15cm
115,carex_arctata,fruit_length,2.6mm,1.7mm
116,carex_arctata,fruit_width,1.7mm,0.8mm
117,carex_arctata,leaf_width,13mm;10mm;3mm,10mm;3mm;2mm
118,carex_arctata,plant_height,100cm,20cm
119,carex_arctiformis,fruit_width,1.25mm,1mm
120,carex_arctiformis,inflorescence_length,4cm;3cm,3cm;1.5cm
121,carex_arctiformis,inflorescence_width,14mm,8mm
122,carex_arctiformis,leaf_width,shorter;4mm,subequal;2mm
123,carex_arctiformis,plant_height,20cm;20cm;50cm,15cm;15cm;20cm
124,carex_arenaria,inflorescence_length,8cm,2cm
125,carex_arenaria,leaf_width,4mm,1.5mm
126,carex_arenaria,plant_height,60cm,15cm
127,carex_argyrantha,fruit_length,1.75mm,1.5mm
128,carex_argyrantha,fruit_width,1.2mm,1mm
129,carex_argyrantha,inflorescence_length,6.5cm,2.5cm
130,carex_argyrantha,inflorescence_width,17mm,7mm
131,carex_argyrantha,leaf_width,5mm,2mm
132,carex_argyrantha,plant_height,100cm,30cm
133,carex_arkansana,fruit_length,2mm,1.5mm
134,carex_arkansana,fruit_width,1.8mm,1.5mm
135,carex_arkansana,inflorescence_length,4cm,1.5cm
136,carex_arkansana,inflorescence_width,12mm,7mm
137,carex_arkansana,leaf_width,2.5mm,1mm
138,carex_arkansana,plant_height,60cm,15cm
139,carex_assiniboinensis,fruit_length,2.5mm,1.8mm
140,carex_assiniboinensis,fruit_width,1mm,0.7mm
141,carex_assiniboinensis,leaf_width,3mm;2.2mm,1mm;1.5mm
142,carex_assiniboinensis,plant_height,75cm,35cm
143,carex_atherodes,inflorescence_length,60cm,12cm
144,carex_atherodes,leaf_width,10mm,3mm
145,carex_atherodes,plant_height,125cm,35cm
146,carex_athrostachya,inflorescence_length,1.5cm;2.2cm,0.8cm;1.5cm
147,carex_athrostachya,inflorescence_width,20mm,7mm
148,carex_athrostachya,plant_height,20cm;20cm;80cm,5cm;5cm;20cm
149,carex_atlantica,fruit_length,1.9mm,1mm
150,carex_atlantica,fruit_width,1.7mm,1mm
151,carex_atlantica,inflorescence_length,1.8cm;2cm;5.5cm;5.5cm,1.5cm;0.8cm;1.8cm;0.8cm
152,carex_atlantica,leaf_width,4.5mm;4mm;1.55mm;0.8mm;1.6mm;4.5mm;4mm;4.5mm;4mm;4.5mm;4mm,4mm;0.4mm;0.4mm;0.65mm;0.8mm;4mm;1mm;4mm;1.6mm;4mm;0.8mm
153,carex_atlantica,plant_height,60cm;110cm;110cm,10cm;25cm;10cm
154,carex_atrata,branch_quantity,6;4,4;2
155,carex_atrata,leaf_width,5mm,3mm
156,carex_atrata,plant_height,30cm;30cm;60cm;60cm;40cm,10cm;10cm;40cm;40cm;30cm
157,carex_atratiformis,branch_quantity,6,3
158,carex_atratiformis,leaf_width,5mm,2.5mm
159,carex_atratiformis,plant_height,70cm,20cm
160,carex_atrofusca,fruit_length,1.6mm,1.4mm
161,carex_atrofusca,fruit_width,0.9mm,0.7mm
162,carex_atrofusca,inflorescence_length,8cm;6cm,6cm;2cm
163,carex_atrofusca,leaf_width,4mm,2mm
164,carex_atrofusca,plant_height,60cm;60cm;30cm,30cm;30cm;0cm
165,carex_atrosquama,branch_quantity,5;3,3;2
166,carex_atrosquama,leaf_width,5mm,3mm
167,carex_atrosquama,plant_height,50cm,20cm
168,carex_aurea,fruit_length,1.8mm,1.4mm
169,carex_aurea,fruit_width,1.5mm,1mm
170,carex_aurea,leaf_width,3mm,1.4mm
171,carex_aurea,plant_height,40cm,5cm
172,carex_aureolensis,leaf_width,8.5mm,2mm
173,carex_aureolensis,plant_height,20cm;20cm;85cm,10cm;10cm;20cm
174,carex_austrina,fruit_length,2.5mm,1.9mm
175,carex_austrina,fruit_width,2mm,1.5mm
176,carex_austrina,inflorescence_length,3.5cm,1.5cm
177,carex_austrina,inflorescence_width,15mm,8mm
178,carex_austrina,leaf_width,4.5mm,2.5mm
179,carex_austrina,plant_height,90cm,20cm
180,carex_austrocaroliniana,fruit_length,2mm,1.8mm
181,carex_austrocaroliniana,fruit_width,2mm,1.8mm
182,carex_austrocaroliniana,leaf_width,3mm;7mm;6mm,2mm;6mm;3mm
183,carex_austrocaroliniana,plant_height,51cm,19cm
184,carex_backii,fruit_length,3.2mm,2.5mm
185,carex_backii,fruit_width,2.3mm,1.6mm
186,carex_backii,leaf_width,5.4mm,1.3mm
187,carex_backii,plant_height,25cm,1.4cm
188,carex_baileyi,inflorescence_length,22cm;16cm,16cm;3cm
189,carex_baileyi,leaf_width,5mm;4mm,4mm;2.4mm
190,carex_baileyi,plant_height,65cm,20cm
191,carex_baltzellii,leaf_width,8mm,4mm
192,carex_baltzellii,plant_height,40cm,15cm
193,carex_barbarae,leaf_width,9mm,4mm
194,carex_barbarae,plant_height,110cm,30cm
195,carex_barrattii,leaf_width,5mm,2mm
196,carex_barrattii,plant_height,90cm,20cm
197,carex_basiantha,fruit_length,2.6mm;3.4mm;3mm,2.4mm;3mm;2.6mm
198,carex_basiantha,fruit_width,1.5mm;1.9mm;1.7mm,1.3mm;1.7mm;1.5mm
199,carex_basiantha,leaf_width,3.7mm,1.4mm
200,carex_basiantha,plant_height,18cm;18cm;39cm,10.7cm;10.7cm;18cm
201,carex_bebbii,inflorescence_length,3cm,1.1cm
202,carex_bebbii,inflorescence_width,14mm,5mm
203,carex_bebbii,leaf_width,4.2mm,1.7mm
204,carex_bebbii,plant_height,90cm,20cm
205,carex_bella,branch_quantity,3,2
206,carex_bella,leaf_width,6mm,3mm
207,carex_bella,plant_height,55cm,25cm
208,carex_bicknellii,inflorescence_length,0.62cm,0.24cm
209,carex_bicknellii,inflorescence_width,15mm,8mm
210,carex_bicknellii,leaf_width,5mm,2mm
211,carex_bicknellii,plant_height,40cm;40cm;110cm,35cm;35cm;40cm
212,carex_bicolor,fruit_length,2mm,1.4mm
213,carex_bicolor,fruit_width,1.6mm,1mm
214,carex_bicolor,leaf_width,2.5mm,1mm
215,carex_bicolor,plant_height,20cm,0cm
216,carex_bigelowii,leaf_width,4mm,1.5mm
217,carex_bigelowii,plant_height,50cm,10cm
218,carex_biltmoreana,fruit_length,2.5mm,1.8mm
219,carex_biltmoreana,fruit_width,1.6mm,1.4mm
220,carex_biltmoreana,inflorescence_length,32cm,16cm
221,carex_biltmoreana,leaf_width,6mm,3.5mm
222,carex_biltmoreana,plant_height,75cm,30cm
223,carex_blanda,fruit_length,3.2mm,2.1mm
224,carex_blanda,fruit_width,1.8mm,0.8mm
225,carex_blanda,inflorescence_length,1.7cm,0cm
226,carex_blanda,leaf_width,3.4mm,0.5mm
227,carex_blanda,plant_height,53cm,14cm
228,carex_bolanderi,fruit_length,2.1mm,1.5mm
229,carex_bolanderi,fruit_width,1.3mm,0.9mm
230,carex_bolanderi,inflorescence_length,40mm;103mm;89mm,33mm;89mm;40mm
231,carex_bolanderi,leaf_width,5.9mm;5.9mm,1.8mm;2.3mm
232,carex_bolanderi,plant_height,115cm,31cm
233,carex_bonanzensis,fruit_length,1.25mm,1mm
234,carex_bonanzensis,inflorescence_length,6cm;4cm,4cm;2cm
235,carex_bonanzensis,inflorescence_width,10mm,5mm
236,carex_bonanzensis,leaf_width,3mm,2mm
237,carex_bonanzensis,plant_height,50cm,20cm
238,carex_brainerdii,fruit_length,2.6mm,2.1mm
239,carex_brainerdii,fruit_width,2.1mm,1.3mm
240,carex_brainerdii,leaf_width,3.8mm,1.8mm
241,carex_brainerdii,plant_height,34cm,6cm
242,carex_brevicaulis,fruit_length,2.4mm,1.9mm
243,carex_brevicaulis,fruit_width,2mm,1.6mm
244,carex_brevicaulis,leaf_width,3.5mm;2mm,2mm;1.3mm
245,carex_brevicaulis,plant_height,19cm,2cm
246,carex_brevior,inflorescence_length,2.5cm;6.5cm;5cm,1.3cm;5cm;2.5cm
247,carex_brevior,inflorescence_width,18mm,5mm
248,carex_brevior,leaf_width,3.5mm,1.5mm
249,carex_brevior,plant_height,120cm,15cm
250,carex_breweri,inflorescence_length,2.5cm,1.4cm
251,carex_breweri,inflorescence_width,12mm,7mm
252,carex_breweri,plant_height,30cm;30cm;22cm,22cm;22cm;15cm
253,carex_bromoides,fruit_length,2.2mm,1.7mm
254,carex_bromoides,fruit_width,1.1mm,0.7mm
255,carex_bromoides,inflorescence_length,53mm;40mm;71mm;21mm;71mm;44mm;63mm;63mm,44mm;33mm;63mm;12mm;63mm;24mm;40mm;21mm
256,carex_bromoides,leaf_width,4.4mm;4.4mm;4.4mm;3.1mm;2.9mm,1.1mm;1.3mm;2.8mm;2.9mm;1.3mm
257,carex_bromoides,plant_height,88cm,23cm
258,carex_brunnescens,fruit_length,1.5mm,1.25mm
259,carex_brunnescens,fruit_width,1mm,0.8mm
260,carex_brunnescens,inflorescence_length,7cm;7cm;7cm;5cm;4cm,5cm;4cm;1.5cm;1.5cm;1.5cm
261,carex_brunnescens,inflorescence_width,6mm,3mm
262,carex_brunnescens,leaf_width,2mm;1.5mm;2.5mm;1mm;1.5mm,0.5mm;1mm;1.5mm;0.5mm;1mm
263,carex_brunnescens,plant_height,60cm;90cm;90cm,15cm;15cm;30cm
264,carex_brysonii,branch_quantity,0.86,0.22
265,carex_brysonii,fruit_length,2.7mm;3.5mm,2.5mm;2.7mm
266,carex_brysonii,fruit_width,1.7mm;1.6mm,1.6mm;1.4mm
267,carex_brysonii,leaf_width,3.7mm;6.1mm;5.8mm,3.4mm;5.8mm;3.7mm
268,carex_brysonii,plant_height,60cm,25cm
269,carex_bulbostylis,branch_quantity,0.94,0.31
270,carex_bulbostylis,fruit_length,3.3mm,2.6mm
271,carex_bulbostylis,fruit_width,2.1mm,1.6mm
272,carex_bulbostylis,leaf_width,3.9mm;3.5mm,3.5mm;2.2mm
273,carex_bulbostylis,plant_height,7.4cm;65cm,3cm;10cm
274,carex_bullata,inflorescence_length,30cm,8cm
275,carex_bullata,leaf_width,5mm;4.3mm,4.3mm;1.8mm
276,carex_bullata,plant_height,85cm,30cm
277,carex_bushii,fruit_length,2.6mm,2mm
278,carex_bushii,fruit_width,1.4mm;1.7mm,1.1mm;1.4mm
279,carex_bushii,leaf_width,4mm,1.5mm
280,carex_bushii,plant_height,90cm,30cm
281,carex_buxbaumii,branch_quantity,4;3,3;2
282,carex_buxbaumii,leaf_width,3.5mm,2mm
283,carex_buxbaumii,plant_height,75cm,25cm
284,carex_calcifugens,branch_quantity,0.94;0.99,0.88;0.94
285,carex_calcifugens,fruit_length,3.4mm,2.6mm
286,carex_calcifugens,fruit_width,1.9mm,1.4mm
287,carex_calcifugens,inflorescence_length,34cm,19cm
288,carex_calcifugens,leaf_width,4mm,2.6mm
289,carex_calcifugens,plant_height,5.6cm;5.2cm;37cm,5.2cm;2.7cm;14cm
290,carex_californica,fruit_length,2.3mm;2.7mm,2mm;2.3mm
291,carex_californica,fruit_width,2mm,1.6mm
292,carex_californica,inflorescence_length,19cm,4cm
293,carex_californica,leaf_width,5.5mm,1.5mm
294,carex_californica,plant_height,60cm,15cm
295,carex_canescens,fruit_length,1.5mm,1.25mm
296,carex_canescens,fruit_width,1.25mm,1mm
297,carex_canescens,inflorescence_length,15cm;7cm;15cm;12cm;5cm,12cm;5cm;2cm;6cm;3cm
298,carex_canescens,inflorescence_width,10mm,5mm
299,carex_canescens,leaf_width,2mm;shorter;4mm,1.5mm;subequal;2mm
300,carex_canescens,plant_height,90cm;90cm;60cm,15cm;30cm;15cm
301,carex_capillaris,fruit_length,1.7mm,1.2mm
302,carex_capillaris,fruit_width,1mm,0.7mm
303,carex_capillaris,leaf_width,1mm;4mm,0.75mm;1mm
304,carex_capillaris,plant_height,60cm,0cm
305,carex_careyana,fruit_length,6mm,4.5mm
306,carex_careyana,fruit_width,2.8mm,2.4mm
307,carex_careyana,leaf_width,4mm,1mm
308,carex_careyana,plant_height,62cm,34cm
309,carex_caroliniana,fruit_length,2.2mm,1.6mm
310,carex_caroliniana,fruit_width,1.4mm,1mm
311,carex_caroliniana,leaf_width,4mm,1.5mm
312,carex_caroliniana,plant_height,80cm,25cm
313,carex_caryophyllea,inflorescence_length,4cm,2cm
314,carex_caryophyllea,leaf_width,3mm,1.5mm
315,carex_caryophyllea,plant_height,35cm,4cm
316,carex_castanea,fruit_length,2mm,1.5mm
317,carex_castanea,fruit_width,1.5mm,1mm
318,carex_castanea,leaf_width,9mm,2.5mm
319,carex_castanea,plant_height,90cm,40cm
320,carex_cephaloidea,fruit_length,2mm,1.6mm
321,carex_cephaloidea,fruit_width,1.7mm,1.3mm
322,carex_cephaloidea,inflorescence_length,4cm,1.5cm
323,carex_cephaloidea,inflorescence_width,10mm,8mm
324,carex_cephaloidea,leaf_width,5mm;8mm,4mm;5mm
325,carex_cephaloidea,plant_height,120cm,30cm
326,carex_cephalophora,inflorescence_length,2cm,0.6cm
327,carex_cephalophora,inflorescence_width,10mm,5mm
328,carex_cephalophora,leaf_width,2.5mm;5mm,1.9mm;2.5mm
329,carex_cephalophora,plant_height,60cm,20cm
330,carex_chalciolepis,branch_quantity,6,3
331,carex_chalciolepis,leaf_width,5mm,2.5mm
332,carex_chalciolepis,plant_height,50cm,20cm
333,carex_chapmanii,fruit_length,3mm,2.2mm
334,carex_chapmanii,fruit_width,1.6mm,1.2mm
335,carex_chapmanii,leaf_width,3.4mm,0.5mm
336,carex_chapmanii,plant_height,32cm,10cm
337,carex_cherokeensis,fruit_length,2.5mm,2mm
338,carex_cherokeensis,fruit_width,1.7mm,1.2mm
339,carex_cherokeensis,inflorescence_length,20mm,3mm
340,carex_cherokeensis,leaf_width,7mm;3.5mm,2.5mm;1.5mm
341,carex_cherokeensis,plant_height,80mm,30mm
342,carex_chihuahuensis,inflorescence_length,10cm,4cm
343,carex_chihuahuensis,inflorescence_width,15mm,7mm
344,carex_chihuahuensis,plant_height,400cm,0cm
345,carex_chordorrhiza,inflorescence_length,16mm,5mm
346,carex_chordorrhiza,inflorescence_width,12mm,4mm
347,carex_chordorrhiza,leaf_width,3mm,0.4mm
348,carex_chordorrhiza,plant_height,35cm,5cm
349,carex_circinata,plant_height,25cm,5cm
350,carex_collinsii,inflorescence_length,30cm,10cm
351,carex_collinsii,plant_height,75cm,15cm
352,carex_communis,fruit_length,2.3mm,1.4mm
353,carex_communis,fruit_width,1.4mm,1mm
354,carex_communis,leaf_width,5mm,1.8mm;3mm
355,carex_communis,plant_height,60cm,20cm
356,carex_comosa,inflorescence_length,35cm,4cm
357,carex_comosa,leaf_width,16mm,5mm
358,carex_comosa,plant_height,120cm,50cm
359,carex_complanata,fruit_length,2.3mm,1.6mm
360,carex_complanata,fruit_width,1.5mm,0.9mm
361,carex_complanata,leaf_width,4mm,1.5mm
362,carex_complanata,plant_height,75cm,20cm
363,carex_concinna,fruit_length,2.1mm,1.7mm
364,carex_concinna,fruit_width,1.3mm,1mm
365,carex_concinna,leaf_width,3.1mm,1mm
366,carex_concinna,plant_height,20cm,5.5cm
367,carex_concinnoides,fruit_length,2.5mm,1.9mm
368,carex_concinnoides,fruit_width,1.6mm,1.3mm
369,carex_concinnoides,leaf_width,4.5mm,1.7mm
370,carex_concinnoides,plant_height,37cm,14cm
371,carex_congdonii,branch_quantity,4,2
372,carex_congdonii,inflorescence_length,20cm,7cm
373,carex_congdonii,leaf_width,8mm,3mm
374,carex_congdonii,plant_height,90cm,30cm
375,carex_conjuncta,branch_quantity,12,8
376,carex_conjuncta,inflorescence_length,7cm,3cm
377,carex_conjuncta,plant_height,80cm,0cm
378,carex_conoidea,branch_quantity,0.21;0.99;0.91,0.12;0.91;0.21
379,carex_conoidea,fruit_length,2.6mm,1.8mm
380,carex_conoidea,fruit_width,1.2mm;1.4mm,1mm;1.2mm
381,carex_conoidea,leaf_width,3mm;5.6mm;3.9mm,2.3mm;3.9mm;3mm
382,carex_conoidea,plant_height,75cm,2cm
383,carex_constanceana,inflorescence_length,4cm,2.5cm
384,carex_constanceana,inflorescence_width,15mm,13mm
385,carex_constanceana,leaf_width,3mm,2mm
386,carex_constanceana,plant_height,35cm,25cm
387,carex_cordillerana,fruit_length,3.5mm,2.8mm
388,carex_cordillerana,fruit_width,2.4mm,1.5mm
389,carex_cordillerana,leaf_width,5.9mm;5.5mm,1.5mm;2mm
390,carex_cordillerana,plant_height,40cm,6.8cm
391,carex_corrugata,branch_quantity,0.90,0.33
392,carex_corrugata,fruit_length,0.65;2.8mm;3.3mm;0.8;3.1mm,0.6;2.4mm;3.1mm;0.65;2.8mm
393,carex_corrugata,fruit_width,1.7mm;2mm;1.9mm,1.6mm;1.9mm;1.7mm
394,carex_corrugata,leaf_width,8mm;5.3mm,5.3mm;3.3mm
395,carex_corrugata,plant_height,39cm;35cm;90cm,35cm;4cm;15cm
396,carex_crawei,fruit_length,1.9mm,1.4mm
397,carex_crawei,fruit_width,1.8mm,1mm
398,carex_crawei,leaf_width,4.4mm;4.4mm;3mm,1.5mm;3mm;1.8mm
399,carex_crawei,plant_height,40cm;40cm;30cm,30cm;30cm;2cm
400,carex_crawfordii,branch_quantity,3,1.8
401,carex_crawfordii,leaf_width,4mm,2mm
402,carex_crawfordii,plant_height,85cm;85cm;60cm,60cm;60cm;25cm
403,carex_crebriflora,fruit_length,4.4mm,2.8mm
404,carex_crebriflora,fruit_width,1.8mm,1mm
405,carex_crebriflora,leaf_width,3.4mm,0.5mm
406,carex_crebriflora,plant_height,70cm,17cm
407,carex_crinita,inflorescence_length,12cm;11.5cm,3.4cm;3.5cm
408,carex_crinita,inflorescence_width,7mm;6.8mm,3.3mm;4.2mm
409,carex_crinita,leaf_width,14mm;10.3mm,4.8mm;3.3mm
410,carex_crinita,plant_height,150cm;150cm;135cm,40cm;45cm;40cm
411,carex_cristatella,inflorescence_length,4.5cm;4cm,4cm;2cm
412,carex_cristatella,inflorescence_width,15mm,8mm
413,carex_cristatella,leaf_width,7.5mm,3mm
414,carex_cristatella,plant_height,100cm,30cm
415,carex_crus-corvi,branch_quantity,25,15
416,carex_crus-corvi,inflorescence_length,20cm,10cm
417,carex_crus-corvi,plant_height,90cm,0cm
418,carex_cryptolepis,fruit_length,1.5mm,1.2mm
419,carex_cryptolepis,fruit_width,1.2mm,1mm
420,carex_cryptolepis,leaf_width,2.9mm,1.5mm
421,carex_cryptolepis,plant_height,50cm;50cm,10cm;25cm
422,carex_cumberlandensis,fruit_length,2.9mm,2.2mm
423,carex_cumberlandensis,fruit_width,1.8mm,1.4mm
424,carex_cumberlandensis,leaf_width,6.1mm,1.6mm
425,carex_cumberlandensis,plant_height,27cm,7cm
426,carex_cumulata,inflorescence_length,5cm;4cm,4cm;1.5cm
427,carex_cumulata,inflorescence_width,16mm,7mm
428,carex_cumulata,leaf_width,8mm;6mm,6mm;3mm
429,carex_cumulata,plant_height,80cm,20cm
430,carex_curatorum,fruit_length,2mm,1.2mm
431,carex_curatorum,fruit_width,1.2mm,0.8mm
432,carex_curatorum,plant_height,35cm;35cm;91cm,23cm;23cm;35cm
433,carex_cusickii,branch_quantity,5,0
434,carex_cusickii,fruit_length,1.6mm,1.4mm
435,carex_cusickii,fruit_width,1.1mm,0.7mm
436,carex_cusickii,leaf_width,6mm;5mm,5mm;2.5mm
437,carex_cusickii,plant_height,130cm,3cm
438,carex_dasycarpa,plant_height,40cm,13cm
439,carex_davisii,fruit_length,2.7mm,2.2mm
440,carex_davisii,fruit_width,1.2mm,1mm
441,carex_davisii,leaf_width,8mm;6mm,3mm;2mm
442,carex_davisii,plant_height,3mm;100cm,1.5mm;30cm
443,carex_davyi,inflorescence_length,1.8cm;3cm,1cm;1.8cm
444,carex_davyi,inflorescence_width,11mm,6mm
445,carex_davyi,leaf_width,2mm;3mm,1.5mm;2mm
446,carex_davyi,plant_height,37cm,23cm
447,carex_debilis,fruit_length,2.5mm,1.9mm
448,carex_debilis,fruit_width,1.5mm,1mm
449,carex_debilis,inflorescence_length,50mm,15mm
450,carex_debilis,leaf_width,7mm;3.5mm,2mm;1mm
451,carex_debilis,plant_height,100cm,25cm
452,carex_decomposita,branch_quantity,9,3
453,carex_decomposita,fruit_length,1.7mm,1.4mm
454,carex_decomposita,fruit_width,1mm,0.8mm
455,carex_decomposita,leaf_width,7mm;5.5mm,5.5mm;2.5mm
456,carex_decomposita,plant_height,120cm,5cm
457,carex_deflexa,fruit_length,1.6mm,1.3mm
458,carex_deflexa,fruit_width,1.4mm,1mm
459,carex_deflexa,leaf_width,3.2mm;2.6mm,2.6mm;0.9mm
460,carex_deflexa,plant_height,31cm,5cm
461,carex_densa,branch_quantity,15,10
462,carex_densa,fruit_length,1.7mm,1.5mm
463,carex_densa,fruit_width,1.8mm,1.5mm
464,carex_densa,inflorescence_length,5cm,3cm
465,carex_densa,inflorescence_width,25mm,15mm
466,carex_densa,plant_height,70cm,0cm
467,carex_deweyana,fruit_width,2.2mm;1.5mm,1.8mm;1.2mm
468,carex_deweyana,inflorescence_length,56mm;32mm;56mm,35mm;12mm;12mm
469,carex_deweyana,leaf_width,4.2mm;4.2mm,0.6mm;2.4mm
470,carex_diandra,branch_quantity,3,0
471,carex_diandra,fruit_length,1.7mm,1.4mm
472,carex_diandra,fruit_width,1mm,0.7mm
473,carex_diandra,inflorescence_length,6cm;5cm,5cm;2cm
474,carex_diandra,inflorescence_width,1.7cm;1.4cm,1.4cm;0.6cm
475,carex_diandra,leaf_width,2.5mm,1mm
476,carex_diandra,plant_height,2cm;2cm;90cm,1cm;1cm;2cm
477,carex_digitalis,fruit_length,2.8mm,1.8mm
478,carex_digitalis,fruit_width,1.6mm,1mm
479,carex_digitalis,inflorescence_length,8.7cm,0.4cm
480,carex_digitalis,leaf_width,5mm;5.3mm;4.5mm;5.3mm;4.5mm;3.5mm;2.9mm,0.8mm;4.5mm;2.7mm;4.5mm;2.7mm;2.9mm;2mm
481,carex_digitalis,plant_height,52cm,7cm
482,carex_diluta,leaf_width,4.6mm,3mm
483,carex_diluta,plant_height,55cm,15cm
484,carex_disperma,fruit_length,1.75mm,1.5mm
485,carex_disperma,inflorescence_length,2.5cm,1.5cm
486,carex_disperma,inflorescence_width,5mm,3mm
487,carex_disperma,leaf_width,1.5mm,0.75mm
488,carex_disperma,plant_height,60cm,15cm
489,carex_distans,leaf_width,4.6mm,3mm
490,carex_distans,plant_height,80cm,40cm
491,carex_disticha,inflorescence_length,7cm,2cm
492,carex_disticha,leaf_width,5.2mm,1.8mm
493,carex_disticha,plant_height,120cm,30cm
494,carex_divisa,inflorescence_length,3.5cm,1cm
495,carex_divisa,leaf_width,3mm,1.1mm
496,carex_divisa,plant_height,25cm;25cm;80cm;80cm;65cm,15cm;15cm;65cm;65cm;25cm
497,carex_divulsa,fruit_length,2.5mm,2.3mm
498,carex_divulsa,fruit_width,1.7mm,1.5mm
499,carex_divulsa,inflorescence_length,18cm,5cm
500,carex_divulsa,inflorescence_width,10mm,6mm
501,carex_divulsa,leaf_width,3mm,2mm
502,carex_divulsa,plant_height,90cm,25cm
503,carex_douglasii,inflorescence_length,4.5cm;3.5cm,3.5cm;1.2cm
504,carex_douglasii,leaf_width,3.5mm;3mm,3mm;1mm
505,carex_douglasii,plant_height,15cm;15cm;40cm,8cm;8cm;15cm
506,carex_duriuscula,inflorescence_length,2cm,0.7cm
507,carex_duriuscula,leaf_width,1.8mm,0.6mm
508,carex_duriuscula,plant_height,10cm;10cm;35cm,6cm;6cm;10cm
509,carex_ebenea,inflorescence_length,3cm,1.5cm
510,carex_ebenea,inflorescence_width,20mm,14mm
511,carex_ebenea,leaf_width,4mm,2.8mm
512,carex_ebenea,plant_height,50cm,18cm
513,carex_eburnea,leaf_width,1mm,0.2mm
514,carex_eburnea,plant_height,31cm,7cm
515,carex_echinata,fruit_length,2.1mm,1.3mm
516,carex_echinata,fruit_width,1.55mm,0.8mm
517,carex_echinata,inflorescence_length,4cm;2.5cm;7.8cm;8cm,2.5cm;1.2cm;0.7cm;2.5cm
518,carex_echinata,leaf_width,3.8mm;3.3mm;3.8mm;3.3mm;2.3mm;3.8mm;3.3mm;3.8mm;3.3mm;3.3mm;2.7mm;2.7mm;2.4mm,3.3mm;0.7mm;3.3mm;1mm;1.7mm;3.3mm;2.3mm;3.3mm;1mm;2.7mm;0.7mm;2.4mm;1mm
519,carex_echinata,plant_height,135cm;135cm;135cm;135cm;80cm;90cm;90cm,90cm;90cm;90cm;90cm;20cm;10cm;10cm
520,carex_edwardsiana,branch_quantity,0.94;0.99,0.88;0.94
521,carex_edwardsiana,fruit_length,3.4mm,2.6mm
522,carex_edwardsiana,fruit_width,2.1mm,1.7mm
523,carex_edwardsiana,leaf_width,3.6mm,2mm
524,carex_edwardsiana,plant_height,34cm,6cm
525,carex_egglestonii,inflorescence_length,2cm;3cm,1.7cm;2cm
526,carex_egglestonii,inflorescence_width,27mm;21mm,21mm;15mm
527,carex_egglestonii,leaf_width,3mm;4.5mm,2.8mm;3mm
528,carex_egglestonii,plant_height,72cm,33cm
529,carex_eleusinoides,leaf_width,3mm,2.5mm
530,carex_eleusinoides,plant_height,30cm,15cm
531,carex_elliottii,inflorescence_length,15.5cm;10cm,10cm;1.7cm
532,carex_elliottii,leaf_width,4.5mm,1.5mm
533,carex_elliottii,plant_height,75cm,25cm
534,carex_elynoides,fruit_length,3mm;2.7mm,2.7mm;1.5mm
535,carex_elynoides,fruit_width,1.2mm;1.5mm,1mm;1.2mm
536,carex_elynoides,leaf_width,0.6mm,0.2mm
537,carex_emoryi,leaf_width,6mm,3mm
538,carex_emoryi,plant_height,115cm,30cm
539,carex_endlichii,fruit_length,2.5mm,2.3mm
540,carex_endlichii,fruit_width,1.5mm,1.3mm
541,carex_endlichii,leaf_width,4mm,2.5mm
542,carex_endlichii,plant_height,50cm,30cm
543,carex_engelmannii,inflorescence_length,1.5cm,0.7cm
544,carex_engelmannii,inflorescence_width,8mm,6mm
545,carex_engelmannii,leaf_width,0.6mm,0.3mm
546,carex_engelmannii,plant_height,15cm,7cm
547,carex_epapillosa,branch_quantity,5,3
548,carex_epapillosa,leaf_width,6mm,2mm
549,carex_epapillosa,plant_height,100cm;100cm;60cm,60cm;60cm;25cm
550,carex_exilis,fruit_length,2.2mm,1.4mm
551,carex_exilis,fruit_width,1.7mm,1.2mm
552,carex_exilis,inflorescence_length,4cm,0.6cm
553,carex_exilis,leaf_width,1.5mm;1.5mm,0.4mm;0.8mm
554,carex_exilis,plant_height,80cm,12cm
555,carex_exsiccata,inflorescence_length,36cm,10cm
556,carex_exsiccata,leaf_width,6.2mm,2.5mm
557,carex_exsiccata,plant_height,100cm,30cm
558,carex_extensa,branch_quantity,3,2
559,carex_extensa,leaf_width,4.3mm;3.5mm,3.5mm;1mm
560,carex_extensa,plant_height,75cm,15cm
561,carex_festucacea,inflorescence_length,6cm,2.5cm
562,carex_festucacea,inflorescence_width,11mm,4.5mm
563,carex_festucacea,leaf_width,3.5mm,1mm
564,carex_festucacea,plant_height,100cm,45cm
565,carex_feta,plant_height,97cm,51cm
566,carex_filifolia,fruit_length,3.3mm;2.3mm;3mm;3.3mm,3mm;1.5mm;2.2mm;1.5mm
567,carex_filifolia,fruit_width,1.3mm;1.5mm;1.9mm;1.9mm,1.1mm;1.3mm;1.3mm;1.1mm
568,carex_filifolia,leaf_width,0.5mm;0.7mm;0.7mm,0.3mm;0.3mm;0.3mm
569,carex_filifolia,plant_height,35cm;26cm;35cm,5cm;5cm;8cm
570,carex_fissa,branch_quantity,15,10
571,carex_fissa,fruit_length,1.9mm,1.5mm
572,carex_fissa,fruit_width,1.6mm,1.2mm
573,carex_fissa,inflorescence_length,7cm,3cm
574,carex_fissa,inflorescence_width,25mm,15mm
575,carex_fissa,plant_height,80cm,0cm
576,carex_fissuricola,leaf_width,8mm,3mm
577,carex_fissuricola,plant_height,80cm,0cm
578,carex_flacca,inflorescence_length,10cm,0cm
579,carex_flacca,plant_height,35cm,0cm
580,carex_flaccosperma,branch_quantity,1,0.40
581,carex_flaccosperma,fruit_length,3.4mm,2.5mm
582,carex_flaccosperma,fruit_width,1.4mm;1.7mm;1.6mm,1.3mm;1.6mm;1.4mm
583,carex_flaccosperma,leaf_width,14.7mm,6.3mm
584,carex_flaccosperma,plant_height,75cm;75cm;60cm,60cm;60cm;10cm
585,carex_flava,fruit_length,1.7mm,1.3mm
586,carex_flava,fruit_width,1.2mm,0.9mm
587,carex_flava,leaf_width,4.7mm,1.6mm
588,carex_flava,plant_height,75cm,10cm
589,carex_floridana,fruit_length,2mm,1.5mm
590,carex_floridana,fruit_width,1.3mm,0.9mm
591,carex_floridana,leaf_width,3mm,1.7mm
592,carex_floridana,plant_height,17cm,5cm
593,carex_foenea,inflorescence_length,8cm,1.5cm
594,carex_foenea,inflorescence_width,15mm,7mm
595,carex_foenea,leaf_width,4mm,2mm
596,carex_foenea,plant_height,120cm,20cm
597,carex_folliculata,fruit_length,3.4mm;4.5mm;4mm,3.2mm;4mm;3.4mm
598,carex_folliculata,fruit_width,2.3mm,1.5mm
599,carex_folliculata,inflorescence_length,85cm,15cm
600,carex_folliculata,leaf_width,21mm;18mm;21mm;18mm,18mm;6mm;18mm;8mm
601,carex_folliculata,plant_height,40cm;40cm;175cm,25cm;25cm;40cm
602,carex_formosa,fruit_length,2.5mm,2mm
603,carex_formosa,fruit_width,1.5mm,1.4mm
604,carex_formosa,inflorescence_length,50mm,25mm
605,carex_formosa,leaf_width,7mm;4.5mm,3mm;2.5mm
606,carex_formosa,plant_height,80cm,30cm
607,carex_fracta,leaf_width,7mm,4mm
608,carex_fracta,plant_height,115cm,60cm
609,carex_frankii,leaf_width,11.5mm,2.5mm
610,carex_frankii,plant_height,80cm,18cm
611,carex_fuliginosa,fruit_length,2mm,1.5mm
612,carex_fuliginosa,fruit_width,1mm,0.9mm
613,carex_fuliginosa,inflorescence_length,12cm,1cm
614,carex_fuliginosa,leaf_width,3.5mm,1.5mm
615,carex_fuliginosa,plant_height,30cm,0cm
616,carex_garberi,fruit_length,2mm,1.4mm
617,carex_garberi,fruit_width,1.5mm,1mm
618,carex_garberi,leaf_width,3.5mm;2.5mm,2.5mm;1mm
619,carex_garberi,plant_height,40cm,5cm
620,carex_geophila,fruit_length,2.8mm,1.6mm
621,carex_geophila,fruit_width,1.9mm,1.5mm
622,carex_geophila,leaf_width,2.3mm,0.8mm
623,carex_geophila,plant_height,22cm,3cm
624,carex_geyeri,leaf_width,3.5mm,1.1mm
625,carex_geyeri,plant_height,49cm,13cm
626,carex_gholsonii,fruit_length,2.7mm;2.5mm,2.5mm;1.9mm
627,carex_gholsonii,fruit_width,1.6mm,1.2mm
628,carex_gholsonii,leaf_width,11.3mm,2.2mm
629,carex_gholsonii,plant_height,75cm,20cm
630,carex_gigantea,inflorescence_length,40cm,15cm
631,carex_gigantea,leaf_width,16mm;11mm,5mm;6mm
632,carex_gigantea,plant_height,120cm,35cm
633,carex_glacialis,leaf_width,1.5mm,0.5mm
634,carex_glacialis,plant_height,30cm;30cm;20cm,20cm;20cm;0cm
635,carex_glareosa,fruit_width,1.25mm,1mm
636,carex_glareosa,inflorescence_length,2cm;25mm;20mm,1cm;7mm;13mm
637,carex_glareosa,inflorescence_width,12mm;12mm;12mm,5mm;5mm;8mm
638,carex_glareosa,leaf_width,2mm;2mm;2.5mm,1mm;1mm;1.5mm
639,carex_glareosa,plant_height,60cm;60cm;40cm;25cm;40cm,40cm;40cm;10cm;10cm;20cm
640,carex_glaucescens,fruit_length,3mm,2.5mm
641,carex_glaucescens,fruit_width,2mm,1.5mm
642,carex_glaucescens,leaf_width,8mm,4mm
643,carex_glaucescens,plant_height,120cm,0cm
644,carex_glaucodea,branch_quantity,1,0.56
645,carex_glaucodea,fruit_length,3mm,2.4mm
646,carex_glaucodea,fruit_width,1.7mm;1.6mm,1.6mm;1.3mm
647,carex_glaucodea,leaf_width,5.7mm;10.8mm,5.1mm;5.7mm
648,carex_glaucodea,plant_height,50cm,10cm
649,carex_globosa,fruit_length,2.7mm,1.9mm
650,carex_globosa,fruit_width,2.3mm,1.6mm
651,carex_globosa,leaf_width,4.5mm,1.4mm
652,carex_globosa,plant_height,47cm,7cm
653,carex_gmelinii,branch_quantity,4,2
654,carex_gmelinii,leaf_width,4mm,2mm
655,carex_gmelinii,plant_height,60cm,20cm
656,carex_godfreyi,branch_quantity,0.94,0.094
657,carex_godfreyi,fruit_length,3.1mm;3.7mm;3.5mm,3mm;3.5mm;3.1mm
658,carex_godfreyi,fruit_width,1.8mm,1.5mm
659,carex_godfreyi,leaf_width,5.3mm;4mm,4mm;2.4mm
660,carex_godfreyi,plant_height,85cm;85cm;65cm,65cm;65cm;8cm
661,carex_gracilescens,fruit_length,2.8mm,2.6mm
662,carex_gracilescens,fruit_width,1.6mm,1.3mm
663,carex_gracilescens,leaf_width,3.4mm,0.5mm
664,carex_gracilescens,plant_height,78cm,13cm
665,carex_gracilior,inflorescence_length,3cm,1.5cm
666,carex_gracilior,inflorescence_width,12mm,8mm
667,carex_gracilior,leaf_width,4mm;3.5mm,3.5mm;1.4mm
668,carex_gracilior,plant_height,110cm;110cm;70cm,70cm;70cm;30cm
669,carex_gracillima,fruit_length,2.6mm,1.2mm
670,carex_gracillima,fruit_width,1.2mm,1mm
671,carex_gracillima,leaf_width,9mm;4mm,3mm;3mm
672,carex_gracillima,plant_height,90cm,20cm
673,carex_granularis,fruit_length,2.3mm,1.8mm
674,carex_granularis,fruit_width,1.4mm,1mm
675,carex_granularis,leaf_width,5.3mm,1.2mm
676,carex_granularis,plant_height,100cm;100cm;70cm,70cm;70cm;13cm
677,carex_gravida,fruit_length,2.1mm,1.8mm
678,carex_gravida,fruit_width,2mm,1.6mm
679,carex_gravida,inflorescence_length,5cm,1cm
680,carex_gravida,inflorescence_width,15mm,8mm
681,carex_gravida,leaf_width,4mm;8mm,3mm;4mm
682,carex_gravida,plant_height,30cm;30cm;100cm,20cm;20cm;30cm
683,carex_grayi,inflorescence_length,17cm,2.5cm
684,carex_grayi,leaf_width,11mm;7mm,4mm;2mm
685,carex_grayi,plant_height,40cm;40cm;110cm;110cm;90cm,25cm;25cm;90cm;90cm;40cm
686,carex_grisea,branch_quantity,0.85,0.38
687,carex_grisea,fruit_length,0.7;3.1mm;3.7mm;0.66;3.5mm,0.66;2.6mm;3.5mm;0.6;3.1mm
688,carex_grisea,fruit_width,2.2mm;2.1mm,2.1mm;1.7mm
689,carex_grisea,leaf_width,4.2mm;9.1mm;8.2mm,3.7mm;8.2mm;4.2mm
690,carex_grisea,plant_height,3.2cm;90cm,2cm;15cm
691,carex_gynandra,leaf_width,10.5mm,4mm
692,carex_gynandra,plant_height,140cm,45cm
693,carex_gynocrates,fruit_length,1.7mm,1.5mm
694,carex_gynocrates,fruit_width,1.2mm,1mm
695,carex_gynocrates,leaf_width,0.7mm,0.3mm
696,carex_gynocrates,plant_height,30cm,2cm
697,carex_gynodynama,fruit_length,2.6mm,2mm
698,carex_gynodynama,fruit_width,1.7mm,1.2mm
699,carex_gynodynama,leaf_width,12mm;2mm,3mm;1.2mm
700,carex_gynodynama,plant_height,70cm,20cm
701,carex_halliana,inflorescence_length,25cm,8cm
702,carex_halliana,leaf_width,5.5mm,2mm
703,carex_halliana,plant_height,50cm;50cm;40cm,40cm;40cm;10cm
704,carex_hallii,branch_quantity,2,1
705,carex_hallii,leaf_width,3.5mm,2mm
706,carex_hallii,plant_height,30cm,10cm
707,carex_harfordii,inflorescence_length,4cm,1.1cm
708,carex_harfordii,inflorescence_width,20mm,7mm
709,carex_harfordii,plant_height,50cm;50cm;135cm,29cm;29cm;50cm
710,carex_hassei,fruit_length,2mm,1.2mm
711,carex_hassei,fruit_width,1.5mm,1.1mm
712,carex_hassei,leaf_width,3.7mm;3mm,3mm;2mm
713,carex_hassei,plant_height,70cm;70cm;40cm,40cm;40cm;10cm
714,carex_haydeniana,inflorescence_length,2.1cm,1.1cm
715,carex_haydeniana,inflorescence_width,18mm,13mm
716,carex_haydeniana,leaf_width,4mm,1.5mm
717,carex_haydeniana,plant_height,40cm;40cm;30cm,30cm;30cm;9cm
718,carex_haydenii,leaf_width,5mm,3mm
719,carex_haydenii,plant_height,115cm,30cm
720,carex_heleonastes,fruit_length,2mm,1.5mm
721,carex_heleonastes,fruit_width,1.2mm,1mm
722,carex_heleonastes,inflorescence_length,2cm,0.8cm
723,carex_heleonastes,inflorescence_width,10mm,5mm
724,carex_heleonastes,leaf_width,2mm,1mm
725,carex_heleonastes,plant_height,35cm,15cm
726,carex_helleri,branch_quantity,3,2
727,carex_helleri,leaf_width,3mm,2mm
728,carex_helleri,plant_height,30cm,5cm
729,carex_hendersonii,fruit_length,5mm,4.5mm
730,carex_hendersonii,fruit_width,2mm,1.6mm
731,carex_hendersonii,inflorescence_length,4cm,0.2cm
732,carex_hendersonii,leaf_width,16mm,3mm
733,carex_hendersonii,plant_height,87cm,45cm
734,carex_heteroneura,branch_quantity,6;4,4;2
735,carex_heteroneura,leaf_width,5mm,2mm
736,carex_heteroneura,plant_height,100cm;100cm;60cm,60cm;60cm;25cm
737,carex_heterostachya,inflorescence_length,12cm,2.5cm
738,carex_heterostachya,leaf_width,3.2mm,1.5mm
739,carex_heterostachya,plant_height,60cm,25cm
740,carex_hirsutella,fruit_length,2.6mm;2.1mm,2.1mm;1.6mm
741,carex_hirsutella,fruit_width,1.3mm,0.8mm
742,carex_hirsutella,leaf_width,4mm,1.5mm
743,carex_hirsutella,plant_height,90cm,20cm
744,carex_hirta,inflorescence_length,50cm,8cm
745,carex_hirta,leaf_width,8mm,2.5mm
746,carex_hirta,plant_height,20cm;20cm;90cm,10cm;10cm;20cm
747,carex_hirtifolia,fruit_length,2.8mm,2.5mm
748,carex_hirtifolia,fruit_width,1.5mm,1.2mm
749,carex_hirtifolia,leaf_width,8mm,4mm
750,carex_hirtifolia,plant_height,60cm,25cm
751,carex_hirtissima,fruit_length,3.1mm,2mm
752,carex_hirtissima,fruit_width,1.7mm,1mm
753,carex_hirtissima,leaf_width,12mm;3mm,2.7mm;1mm
754,carex_hirtissima,plant_height,60cm,30cm
755,carex_hitchcockiana,branch_quantity,0.48,0.19
756,carex_hitchcockiana,fruit_length,4.2mm;3.9mm,3.9mm;3.2mm
757,carex_hitchcockiana,fruit_width,1.8mm;2.1mm,1.6mm;1.8mm
758,carex_hitchcockiana,leaf_width,3.4mm;6.5mm;5.4mm,3mm;5.4mm;3.4mm
759,carex_hitchcockiana,plant_height,60cm,15cm
760,carex_holostoma,branch_quantity,3;2,2;1
761,carex_holostoma,leaf_width,3mm,1.5mm
762,carex_holostoma,plant_height,30cm,10cm
763,carex_hoodii,fruit_length,2.1mm,1.7mm
764,carex_hoodii,fruit_width,1.8mm,1.7mm
765,carex_hoodii,leaf_width,3.5mm,1mm
766,carex_hoodii,plant_height,80cm,20cm
767,carex_hookeriana,fruit_length,1.7mm,1.5mm
768,carex_hookeriana,fruit_width,1.2mm,1.1mm
769,carex_hookeriana,inflorescence_length,5cm,2cm
770,carex_hookeriana,inflorescence_width,10mm,5mm
771,carex_hookeriana,leaf_width,2.5mm,1.5mm
772,carex_hookeriana,plant_height,80cm,15cm
773,carex_hormathodes,inflorescence_length,6cm,2.5cm
774,carex_hormathodes,inflorescence_width,16mm,5mm
775,carex_hormathodes,leaf_width,3mm,1mm
776,carex_hormathodes,plant_height,80cm,20cm
777,carex_hostiana,fruit_length,2mm,1.5mm
778,carex_hostiana,fruit_width,1.5mm,1mm
779,carex_hostiana,leaf_width,3.1mm,1.5mm
780,carex_hostiana,plant_height,60cm,25cm
781,carex_houghtoniana,branch_quantity,2;4;3,1;3;2
782,carex_houghtoniana,inflorescence_length,23cm,4.5cm
783,carex_houghtoniana,leaf_width,8.5mm,2.8mm
784,carex_houghtoniana,plant_height,100cm;100cm;80cm,80cm;80cm;20cm
785,carex_hyalina,inflorescence_length,4cm,1.3cm
786,carex_hyalina,inflorescence_width,12mm,8mm
787,carex_hyalina,leaf_width,2.7mm,1mm
788,carex_hyalina,plant_height,95cm,25cm
789,carex_hyalinolepis,branch_quantity,4,2
790,carex_hyalinolepis,inflorescence_length,50cm,15cm
791,carex_hyalinolepis,leaf_width,5.5mm;13mm,4mm;5.5mm
792,carex_hyalinolepis,plant_height,110cm,40cm
793,carex_hystericina,inflorescence_length,20cm;12cm,12cm;2.5cm
794,carex_hystericina,leaf_width,8.5mm,2.5mm
795,carex_hystericina,plant_height,100cm,20cm
796,carex_idahoa,branch_quantity,3,1
797,carex_idahoa,leaf_width,5mm,2mm
798,carex_idahoa,plant_height,40cm,25cm
799,carex_illota,inflorescence_length,1.2cm,1cm
800,carex_illota,inflorescence_width,10mm,5.5mm
801,carex_illota,leaf_width,2.5mm,1.5mm
802,carex_illota,plant_height,38cm,15cm
803,carex_impressinervia,branch_quantity,0.72,0.37
804,carex_impressinervia,fruit_length,3.5mm,3.1mm
805,carex_impressinervia,fruit_width,1.8mm,1.5mm
806,carex_impressinervia,leaf_width,4mm,2.6mm
807,carex_impressinervia,plant_height,85cm,25cm
808,carex_incurviformis,inflorescence_length,1.2cm,0.5cm
809,carex_incurviformis,plant_height,12cm,2cm
810,carex_infirminervia,fruit_length,2.2mm,1.6mm
811,carex_infirminervia,fruit_width,1.3mm,1.1mm
812,carex_infirminervia,inflorescence_length,68mm,27mm
813,carex_infirminervia,leaf_width,3.8mm;3.8mm,1.4mm;2.3mm
814,carex_infirminervia,plant_height,83cm,10cm
815,carex_inops,fruit_length,1.6mm;2.5mm,1.4mm;1.6mm
816,carex_inops,fruit_width,2.2mm,1.5mm
817,carex_inops,leaf_width,4.5mm,0.7mm
818,carex_inops,plant_height,50cm,13cm
819,carex_integra,inflorescence_length,2.4cm,1.1cm
820,carex_integra,inflorescence_width,14mm,6.3mm
821,carex_integra,plant_height,15cm;15cm;55cm,11cm;11cm;15cm
822,carex_interior,fruit_length,1.8mm,1.2mm
823,carex_interior,fruit_width,1.5mm,0.95mm
824,carex_interior,inflorescence_length,3.7cm,0.8cm
825,carex_interior,leaf_width,2.7mm;2.4mm;2.7mm;2.4mm,2.4mm;0.6mm;2.4mm;1mm
826,carex_interior,plant_height,95cm,10cm
827,carex_interrupta,leaf_width,5mm,3mm
828,carex_interrupta,plant_height,75cm,20cm
829,carex_intumescens,inflorescence_length,15cm,2cm
830,carex_intumescens,leaf_width,8mm;6mm,3.5mm;2mm
831,carex_intumescens,plant_height,30cm;30cm;140cm;140cm;80cm,15cm;15cm;80cm;80cm;30cm
832,carex_jamesii,fruit_length,2.6mm,2mm
833,carex_jamesii,fruit_width,2.4mm,1.7mm
834,carex_jamesii,leaf_width,4.8mm,0.8mm
835,carex_jamesii,plant_height,37cm,4cm
836,carex_jonesii,branch_quantity,10,5
837,carex_jonesii,fruit_length,1.5mm,0mm
838,carex_jonesii,fruit_width,1mm,0mm
839,carex_jonesii,inflorescence_length,2.5cm,0cm
840,carex_jonesii,inflorescence_width,1.5cm,0cm
841,carex_jonesii,plant_height,60cm,0cm
842,carex_joorii,fruit_length,3mm,2.5mm
843,carex_joorii,fruit_width,3mm,2.5mm
844,carex_joorii,leaf_width,10mm,7mm
845,carex_joorii,plant_height,125cm,0cm
846,carex_juniperorum,fruit_length,2.5mm,1.9mm
847,carex_juniperorum,fruit_width,2mm,1.5mm
848,carex_juniperorum,plant_height,9.1cm;9.1cm;6.5cm;9.1cm,6.5cm;6.5cm;2cm;3.2cm
849,carex_kobomugi,fruit_length,7mm,4mm
850,carex_kobomugi,fruit_width,2.5mm,1.5mm
851,carex_kobomugi,plant_height,30cm,10cm
852,carex_kraliana,inflorescence_length,15mm;7.3mm,7.3mm;1.3mm
853,carex_kraliana,leaf_width,11mm;3.2mm;8.3mm,2.6mm;2.9mm;3.2mm
854,carex_kraliana,plant_height,56cm,9.2cm
855,carex_krausei,fruit_length,1.4mm,1.1mm
856,carex_krausei,fruit_width,0.9mm,0.6mm
857,carex_krausei,leaf_width,2mm,1mm
858,carex_krausei,plant_height,35cm;35cm;15cm,15cm;15cm;0cm
859,carex_lachenalii,fruit_length,1.5mm,1.2mm
860,carex_lachenalii,inflorescence_length,2.5cm,1cm
861,carex_lachenalii,inflorescence_width,12mm,5mm
862,carex_lachenalii,leaf_width,2mm,1mm
863,carex_lachenalii,plant_height,40cm,10cm
864,carex_lacustris,branch_quantity,4,2
865,carex_lacustris,inflorescence_length,60cm,17cm
866,carex_lacustris,leaf_width,8.5mm;21mm,5.5mm;8.5mm
867,carex_lacustris,plant_height,135cm,50cm
868,carex_laeviconica,inflorescence_length,15cm;65cm,9cm;15cm
869,carex_laeviconica,leaf_width,6mm,3mm
870,carex_laeviconica,plant_height,30cm;30cm;110cm,25cm;25cm;30cm
871,carex_laeviculmis,fruit_length,2mm,1.3mm
872,carex_laeviculmis,fruit_width,1.2mm,0.9mm
873,carex_laeviculmis,inflorescence_length,87mm;58mm,58mm;16mm
874,carex_laeviculmis,leaf_width,2.3mm;2.3mm;2mm,0.9mm;2mm;1.3mm
875,carex_laeviculmis,plant_height,66cm,14cm
876,carex_laevivaginata,branch_quantity,15,6
877,carex_laevivaginata,inflorescence_length,6cm,3cm
878,carex_laevivaginata,plant_height,80cm,0cm
879,carex_lapponica,inflorescence_length,4cm,1.5cm
880,carex_lapponica,inflorescence_width,5mm,4mm
881,carex_lapponica,leaf_width,or shorter;2mm,subequal;1mm
882,carex_lapponica,plant_height,40cm,15cm
883,carex_lasiocarpa,inflorescence_length,20cm,6cm
884,carex_lasiocarpa,plant_height,120cm,40cm
885,carex_latebracteata,fruit_length,3mm,2.8mm
886,carex_latebracteata,fruit_width,2.5mm,2mm
887,carex_latebracteata,leaf_width,6mm;15mm,4.1mm;6mm
888,carex_latebracteata,plant_height,31cm,17cm
889,carex_lativena,fruit_length,2.4mm,2mm
890,carex_lativena,fruit_width,1.4mm;1.9mm,1.1mm;1.4mm
891,carex_lativena,plant_height,12cm,0cm
892,carex_laxa,fruit_length,1.9mm,1.5mm
893,carex_laxa,fruit_width,1.2mm,1mm
894,carex_laxa,inflorescence_length,20cm;12cm,12cm;4cm
895,carex_laxa,leaf_width,3.5mm;2.5mm,2.5mm;1mm
896,carex_laxa,plant_height,40cm,15cm
897,carex_laxiculmis,fruit_length,3.2mm,2.2mm
898,carex_laxiculmis,fruit_width,1.8mm,1.2mm
899,carex_laxiculmis,inflorescence_length,9.5cm,0cm
900,carex_laxiculmis,leaf_width,7mm;11.8mm;8.3mm;12mm,1mm;6.4mm;5.3mm;3mm
901,carex_laxiculmis,plant_height,48cm,9cm
902,carex_laxiflora,fruit_length,3.4mm;2.2mm,2.2mm;1.8mm
903,carex_laxiflora,fruit_width,1.4mm,1mm
904,carex_laxiflora,inflorescence_length,2.2cm,1cm
905,carex_laxiflora,leaf_width,26mm;3.4mm,5mm;0.5mm
906,carex_laxiflora,plant_height,47cm,39cm
907,carex_leavenworthii,fruit_length,1.5mm,1mm
908,carex_leavenworthii,fruit_width,1.5mm,1mm
909,carex_leavenworthii,inflorescence_length,2cm,0.7cm
910,carex_leavenworthii,inflorescence_width,9mm,4.5mm
911,carex_leavenworthii,leaf_width,4mm;3mm,3mm;1.1mm
912,carex_leavenworthii,plant_height,80cm,10cm
913,carex_lemmonii,inflorescence_length,15cm,0cm
914,carex_lemmonii,leaf_width,4mm;3mm,3mm;1.5mm
915,carex_lemmonii,plant_height,80cm,0cm
916,carex_lenticularis,leaf_width,3.5mm;3.5mm;2.5mm;4mm;4mm,1.5mm;2mm;1.5mm;2mm;2mm
917,carex_lenticularis,plant_height,60cm;60cm;35cm;78cm;90cm,8cm;15cm;3cm;17cm;15cm
918,carex_leporinella,inflorescence_length,3cm,1.4cm
919,carex_leporinella,inflorescence_width,11mm,5mm
920,carex_leporinella,leaf_width,2.5mm,1mm
921,carex_leporinella,plant_height,30cm,14cm
922,carex_leptalea,fruit_length,1.9mm,1.3mm
923,carex_leptalea,fruit_width,1.2mm,0.7mm
924,carex_leptalea,leaf_width,1.3mm,0.4mm
925,carex_leptalea,plant_height,70cm,10cm
926,carex_leptonervia,fruit_length,2.8mm,1.8mm
927,carex_leptonervia,fruit_width,1.2mm,0.8mm
928,carex_leptonervia,inflorescence_length,0.2cm,0cm
929,carex_leptonervia,leaf_width,3.4mm,0.5mm
930,carex_leptonervia,plant_height,44cm,12cm
931,carex_leptopoda,fruit_length,1.9mm;1.8mm,1.8mm;1.5mm
932,carex_leptopoda,fruit_width,1.4mm,0.9mm
933,carex_leptopoda,inflorescence_length,34mm;68mm;43mm,17mm;43mm;34mm
934,carex_leptopoda,leaf_width,5.9mm;5.9mm,2.4mm;2.8mm
935,carex_leptopoda,plant_height,67cm,21cm
936,carex_limosa,leaf_width,2.5mm,1mm
937,carex_limosa,plant_height,60cm,20cm
938,carex_livida,fruit_width,2.5mm;1.8mm,2.1mm;1.2mm
939,carex_livida,inflorescence_length,12cm;1.8 length of proximal bract;8.59cm,8.59cm;0.6 length of proximal bract;2.2cm
940,carex_livida,leaf_width,6.5mm;3.5mm,3.5mm;1.5mm
941,carex_livida,plant_height,55cm,15cm
942,carex_loliacea,inflorescence_length,2.5cm,1cm
943,carex_loliacea,inflorescence_width,6mm,4mm
944,carex_loliacea,leaf_width,2mm,1mm
945,carex_loliacea,plant_height,40cm,15cm
946,carex_lonchocarpa,fruit_length,3.8mm;3.4mm,3.4mm;2.3mm
947,carex_lonchocarpa,fruit_width,2.4mm,1.8mm
948,carex_lonchocarpa,inflorescence_length,15cm;50cm,3cm;15cm
949,carex_lonchocarpa,leaf_width,4mm;12mm,3.5mm;4mm
950,carex_lonchocarpa,plant_height,35cm;35cm;125cm,25cm;25cm;35cm
951,carex_longii,inflorescence_length,6cm;4.5cm,4.5cm;1cm
952,carex_longii,inflorescence_width,14mm,5mm
953,carex_longii,leaf_width,4.5mm,2mm
954,carex_longii,plant_height,140cm;140cm;120cm,120cm;120cm;30cm
955,carex_louisianica,inflorescence_length,42cm,10cm
956,carex_louisianica,leaf_width,6mm;4mm,2mm;2mm
957,carex_louisianica,plant_height,75cm,20cm
958,carex_lucorum,fruit_length,2.2mm,1.3mm
959,carex_lucorum,fruit_width,1.6mm,0.9mm
960,carex_lucorum,leaf_width,3.6mm;1.5mm;3.6mm;1.5mm;1.3mm,0.7mm;1.2mm;1.5mm;1.3mm;1mm
961,carex_lucorum,plant_height,55cm,7cm
962,carex_lupuliformis,inflorescence_length,40cm,6cm
963,carex_lupuliformis,leaf_width,13mm;11mm,6mm;4mm
964,carex_lupuliformis,plant_height,130cm,50cm
965,carex_lupulina,inflorescence_length,40cm,4cm
966,carex_lupulina,leaf_width,15mm;11mm,4mm;3mm
967,carex_lupulina,plant_height,130cm;130cm;100cm,100cm;100cm;20cm
968,carex_lurida,inflorescence_length,18cm,2.7cm
969,carex_lurida,leaf_width,4.5mm;13mm;11.5mm,4mm;11.5mm;4.5mm
970,carex_lurida,plant_height,25cm;25cm;110cm;110cm;95cm,15cm;15cm;95cm;95cm;25cm
971,carex_lutea,fruit_length,1.9mm,1.4mm
972,carex_lutea,fruit_width,1.5mm,1.2mm
973,carex_lutea,leaf_width,3.8mm,1.8mm
974,carex_lutea,plant_height,65cm;65cm;125cm;125cm;110cm;125cm,40cm;40cm;110cm;110cm;65cm;65cm
975,carex_luzulifolia,fruit_length,2.2mm,1.5mm
976,carex_luzulifolia,fruit_width,1.2mm,0.85mm
977,carex_luzulifolia,leaf_width,20mm,5mm
978,carex_luzulifolia,plant_height,100cm,0cm
979,carex_luzulina,fruit_length,2mm,1.3mm
980,carex_luzulina,fruit_width,1.1mm,0.7mm
981,carex_luzulina,plant_height,90cm,0cm
982,carex_lyngbyei,leaf_width,8mm,3mm
983,carex_lyngbyei,plant_height,130cm,25cm
984,carex_mackenziei,fruit_length,2mm,1.75mm
985,carex_mackenziei,fruit_width,1.5mm,1.25mm
986,carex_mackenziei,inflorescence_length,5cm,1.5cm
987,carex_mackenziei,inflorescence_width,12mm,7mm
988,carex_mackenziei,leaf_width,3mm,1mm
989,carex_mackenziei,plant_height,40cm,10cm
990,carex_macloviana,inflorescence_length,2.1cm,0.9cm
991,carex_macloviana,inflorescence_width,18.5mm;15mm,15mm;10mm
992,carex_macloviana,plant_height,16cm;16cm;60cm,9cm;9cm;16cm
993,carex_macrocephala,fruit_length,4.5mm,3mm
994,carex_macrocephala,fruit_width,3mm,2.3mm
995,carex_macrocephala,plant_height,35cm,10cm
996,carex_macrochaeta,leaf_width,5mm,2mm
997,carex_macrochaeta,plant_height,70cm,20cm
998,carex_magellanica,inflorescence_length,22mm,6mm
999,carex_magellanica,inflorescence_width,8mm,4mm
1000,carex_magellanica,leaf_width,4mm,1mm
1001,carex_magellanica,plant_height,80cm,10cm
1002,carex_manhartii,fruit_length,2.2mm,1.8mm
1003,carex_manhartii,fruit_width,1.8mm,1.4mm
1004,carex_manhartii,inflorescence_length,1.2cm;5.3cm;3.2cm,0.9cm;3.2cm;1.2cm
1005,carex_manhartii,leaf_width,3.4mm,0.5mm
1006,carex_manhartii,plant_height,39cm,21cm
1007,carex_marina,fruit_length,1.5mm,1.25mm
1008,carex_marina,inflorescence_length,1.5cm,0.7cm
1009,carex_marina,inflorescence_width,7mm,4mm
1010,carex_marina,leaf_width,2mm,1mm
1011,carex_marina,plant_height,30cm;30cm;15cm,15cm;15cm;10cm
1012,carex_mariposana,inflorescence_length,4.8cm,1.7cm
1013,carex_mariposana,inflorescence_width,23mm;16mm,16mm;6mm
1014,carex_mariposana,leaf_width,3.9mm,1.6mm
1015,carex_mariposana,plant_height,91cm,20cm
1016,carex_maritima,inflorescence_length,2cm;1.6cm,1.6cm;0.5cm
1017,carex_maritima,plant_height,44cm;44cm;25cm,25cm;25cm;1cm
1018,carex_mckittrickensis,fruit_length,1.9mm,1.6mm
1019,carex_mckittrickensis,fruit_width,1.1mm,0.8mm
1020,carex_mckittrickensis,leaf_width,1mm,0.5mm
1021,carex_mckittrickensis,plant_height,35cm,22cm
1022,carex_meadii,fruit_length,4mm,2.7mm
1023,carex_meadii,fruit_width,2.5mm;2.2mm,2.2mm;1.7mm
1024,carex_meadii,inflorescence_length,25cm,4cm
1025,carex_meadii,leaf_width,7mm;5mm,5mm;2mm
1026,carex_meadii,plant_height,60cm,15cm
1027,carex_media,branch_quantity,4;2,2;1
1028,carex_media,leaf_width,4mm,2mm
1029,carex_media,plant_height,70cm;70cm;50cm,50cm;50cm;15cm
1030,carex_melanostachya,inflorescence_length,20cm,6cm
1031,carex_melanostachya,leaf_width,4mm;3.5mm,3.5mm;1.6mm
1032,carex_melanostachya,plant_height,65cm,25cm
1033,carex_membranacea,inflorescence_length,13cm;10cm,10cm;2.5cm
1034,carex_membranacea,leaf_width,6.2mm;5mm,5mm;2.5mm
1035,carex_membranacea,plant_height,55cm,13cm
1036,carex_mendocinensis,fruit_length,2.5mm,1.6mm
1037,carex_mendocinensis,fruit_width,1.5mm,0.9mm
1038,carex_mendocinensis,leaf_width,5.5mm;4mm;4mm,2.5mm;0mm;1mm
1039,carex_mendocinensis,plant_height,80cm,25cm
1040,carex_merritt-fernaldii,inflorescence_length,5cm,1.5cm
1041,carex_merritt-fernaldii,inflorescence_width,15mm,7mm
1042,carex_merritt-fernaldii,leaf_width,3mm,1.5mm
1043,carex_merritt-fernaldii,plant_height,100cm,30cm
1044,carex_mertensii,branch_quantity,9;6,6;4
1045,carex_mertensii,leaf_width,8mm,4mm
1046,carex_mertensii,plant_height,80cm,30cm
1047,carex_mesochorea,fruit_length,1.7mm,1.5mm
1048,carex_mesochorea,fruit_width,1.5mm,1.3mm
1049,carex_mesochorea,inflorescence_length,2cm,1cm
1050,carex_mesochorea,inflorescence_width,14mm,9mm
1051,carex_mesochorea,plant_height,100cm,15cm
1052,carex_michauxiana,fruit_length,3mm,2.2mm
1053,carex_michauxiana,fruit_width,1.7mm,1.2mm
1054,carex_michauxiana,inflorescence_length,18cm,1.8cm
1055,carex_michauxiana,leaf_width,4.2mm;3.5mm,3.5mm;1.6mm
1056,carex_michauxiana,plant_height,70cm,15cm
1057,carex_microchaeta,leaf_width,6mm,5mm
1058,carex_microchaeta,plant_height,35cm,5cm
1059,carex_microdonta,fruit_length,2.7mm,1.9mm
1060,carex_microdonta,fruit_width,1.6mm,1.2mm
1061,carex_microdonta,leaf_width,8.3mm;5.9mm;8.3mm,5.9mm;2.1mm;2.8mm
1062,carex_microdonta,plant_height,56cm,10cm
1063,carex_microglochin,fruit_length,2.4mm,2.1mm
1064,carex_microglochin,fruit_width,0.7mm,0.5mm
1065,carex_microglochin,leaf_width,0.8mm,0.5mm
1066,carex_microglochin,plant_height,4cm;4cm;36cm;36cm;23cm,2cm;2cm;23cm;23cm;4cm
1067,carex_micropoda,leaf_width,2mm;1.5mm,1.5mm;0.25mm
1068,carex_micropoda,plant_height,40cm;40cm;30cm,30cm;30cm;5cm
1069,carex_microptera,inflorescence_length,1.1cm;2.6cm,0.8cm;1.1cm
1070,carex_microptera,inflorescence_width,17.5mm,9.5mm
1071,carex_microptera,leaf_width,5mm,2mm
1072,carex_microptera,plant_height,110cm,20cm
1073,carex_misera,fruit_length,2.5mm,2mm
1074,carex_misera,fruit_width,1mm,0.8mm
1075,carex_misera,leaf_width,2mm;1mm,1mm;0mm
1076,carex_misera,plant_height,50cm,25cm
1077,carex_missouriensis,inflorescence_length,4.5cm,2cm
1078,carex_missouriensis,inflorescence_width,19mm,7.5mm
1079,carex_missouriensis,leaf_width,4mm;3.2mm,3.2mm;1.8mm
1080,carex_missouriensis,plant_height,90cm,45cm
1081,carex_mitchelliana,leaf_width,8mm,3mm
1082,carex_mitchelliana,plant_height,140cm,40cm
1083,carex_molesta,inflorescence_length,3.5cm;3cm,3cm;1.3cm
1084,carex_molesta,inflorescence_width,16mm,7mm
1085,carex_molesta,leaf_width,4mm,1.5mm
1086,carex_molesta,plant_height,110cm,35cm
1087,carex_molestiformis,inflorescence_length,3.4cm;2.7cm,2.7cm;1.4cm
1088,carex_molestiformis,inflorescence_width,16mm,7mm
1089,carex_molestiformis,leaf_width,3.8mm,1.7mm
1090,carex_molestiformis,plant_height,120cm,25cm
1091,carex_muehlenbergii,fruit_length,2.2mm,1.9mm
1092,carex_muehlenbergii,fruit_width,2.1mm,1.9mm
1093,carex_muehlenbergii,inflorescence_length,4cm,1.5cm
1094,carex_muehlenbergii,inflorescence_width,12mm,8mm
1095,carex_muehlenbergii,leaf_width,4mm,2mm
1096,carex_muehlenbergii,plant_height,90cm,20cm
1097,carex_multicaulis,leaf_width,1.5mm,0.8mm
1098,carex_multicaulis,plant_height,50cm,14cm
1099,carex_multicostata,inflorescence_length,3cm,1.6cm
1100,carex_multicostata,inflorescence_width,20mm,12mm
1101,carex_multicostata,leaf_width,3mm;5mm,2mm;3mm
1102,carex_multicostata,plant_height,110cm,14cm
1103,carex_muricata,fruit_length,2.4mm,1.9mm
1104,carex_muricata,fruit_width,2mm,1.5mm
1105,carex_muricata,inflorescence_length,3cm;2.5cm,2.5cm;1cm
1106,carex_muricata,inflorescence_width,10mm,7mm
1107,carex_muricata,leaf_width,4mm,2mm
1108,carex_muricata,plant_height,85cm,10cm
1109,carex_muriculata,inflorescence_length,2.5cm;7cm,1.6cm;2.5cm
1110,carex_muriculata,inflorescence_width,15mm,8mm
1111,carex_muriculata,leaf_width,40cm;3.3mm;2.5mm,7cm;2.5mm;1mm
1112,carex_muriculata,plant_height,20cm;20cm;80cm,10cm;10cm;20cm
1113,carex_muskingumensis,inflorescence_length,5cm;9cm,4cm;5cm
1114,carex_muskingumensis,inflorescence_width,20mm,10mm
1115,carex_muskingumensis,leaf_width,5mm,3mm
1116,carex_muskingumensis,plant_height,100cm,40cm
1117,carex_nebrascensis,leaf_width,12mm,3mm
1118,carex_nebrascensis,plant_height,90cm,20cm
1119,carex_nelsonii,branch_quantity,3,2
1120,carex_nelsonii,leaf_width,4mm,3mm
1121,carex_nelsonii,plant_height,30cm,15cm
1122,carex_nervina,branch_quantity,10,5
1123,carex_nervina,fruit_length,2mm,0mm
1124,carex_nervina,fruit_width,1.5mm,0mm
1125,carex_nervina,plant_height,70cm,0cm
1126,carex_neurophora,branch_quantity,10,5
1127,carex_neurophora,fruit_length,1.5mm,0mm
1128,carex_neurophora,fruit_width,1mm,0mm
1129,carex_neurophora,inflorescence_length,2.5cm,0cm
1130,carex_neurophora,inflorescence_width,1.5cm,0cm
1131,carex_neurophora,plant_height,60cm,0cm
1132,carex_nigra,leaf_width,4.5mm,2mm
1133,carex_nigra,plant_height,110cm,10cm
1134,carex_nigricans,plant_height,30cm,5cm
1135,carex_nigromarginata,fruit_length,2mm,1.4mm
1136,carex_nigromarginata,fruit_width,1.2mm,0.9mm
1137,carex_nigromarginata,leaf_width,4mm,1.4mm
1138,carex_nigromarginata,plant_height,27cm,8cm
1139,carex_normalis,inflorescence_length,5cm,1.5cm
1140,carex_normalis,inflorescence_width,16mm,5mm
1141,carex_normalis,leaf_width,6.5mm;6mm,6mm;2.2mm
1142,carex_normalis,plant_height,140cm,35cm
1143,carex_norvegica,branch_quantity,3;2,2;1
1144,carex_norvegica,leaf_width,3mm,2mm
1145,carex_norvegica,plant_height,35cm,5cm
1146,carex_nova,branch_quantity,3,2
1147,carex_nova,leaf_width,4mm,2.5mm
1148,carex_nova,plant_height,60cm,15cm
1149,carex_novae-angliae,fruit_length,1.7mm,1.4mm
1150,carex_novae-angliae,fruit_width,0.9mm,0.7mm
1151,carex_novae-angliae,leaf_width,1.5mm,0.7mm
1152,carex_novae-angliae,plant_height,40cm,5cm
1153,carex_nudata,leaf_width,4mm,2mm
1154,carex_nudata,plant_height,70cm,35cm
1155,carex_obispoensis,fruit_length,4mm,3mm
1156,carex_obispoensis,fruit_width,2.2mm,1.4mm
1157,carex_obispoensis,leaf_width,3.5mm,2mm
1158,carex_obnupta,leaf_width,7mm,3mm
1159,carex_obnupta,plant_height,120cm,20cm
1160,carex_obtusata,leaf_width,1.5mm,0.5mm
1161,carex_obtusata,plant_height,10cm;10cm;20cm,3cm;3cm;10cm
1162,carex_occidentalis,fruit_length,2mm,1.9mm
1163,carex_occidentalis,fruit_width,1.6mm,1.5mm
1164,carex_occidentalis,inflorescence_length,3.5cm,1.5cm
1165,carex_occidentalis,inflorescence_width,10mm,6mm
1166,carex_occidentalis,leaf_width,3mm;2.5mm,2.5mm;1.5mm
1167,carex_occidentalis,plant_height,90cm,25cm
1168,carex_oklahomensis,branch_quantity,20,15
1169,carex_oklahomensis,inflorescence_length,10cm,5cm
1170,carex_oligocarpa,branch_quantity,0.99;0.94,0.94;0.46
1171,carex_oligocarpa,fruit_length,3.4mm,2.8mm
1172,carex_oligocarpa,fruit_width,1.8mm,1.5mm
1173,carex_oligocarpa,leaf_width,2.4mm;4.6mm;4mm,1.8mm;4mm;2.4mm
1174,carex_oligocarpa,plant_height,8.8cm;55cm,3.2cm;10cm
1175,carex_oligosperma,inflorescence_length,20cm,3cm
1176,carex_oligosperma,leaf_width,2.5mm,0.5mm
1177,carex_oligosperma,plant_height,90cm,30cm
1178,carex_opaca,inflorescence_length,6.4cm;5.5cm,5.5cm;2.4cm
1179,carex_opaca,inflorescence_width,21mm,6.5mm
1180,carex_opaca,leaf_width,4.6mm,1.5mm
1181,carex_opaca,plant_height,115cm,50cm
1182,carex_oreocharis,fruit_length,3mm;2.6mm,2.6mm;2.2mm
1183,carex_oreocharis,fruit_width,1.9mm,1.2mm
1184,carex_oreocharis,leaf_width,1mm;2mm,0.7mm;1mm
1185,carex_oreocharis,plant_height,50cm,10cm
1186,carex_ormostachya,fruit_length,2.8mm,2mm
1187,carex_ormostachya,fruit_width,1.4mm,1mm
1188,carex_ormostachya,inflorescence_length,2.6cm,0.2cm
1189,carex_ormostachya,leaf_width,12mm,3.5mm
1190,carex_ormostachya,plant_height,44cm,28cm
1191,carex_oronensis,inflorescence_length,3.4cm,1.5cm
1192,carex_oronensis,inflorescence_width,15mm,6mm
1193,carex_oronensis,leaf_width,4mm,2mm
1194,carex_oronensis,plant_height,100cm,30cm
1195,carex_ouachitana,branch_quantity,0.95;0.57,0.57;0.21
1196,carex_ouachitana,fruit_length,3.4mm,2.6mm
1197,carex_ouachitana,fruit_width,1.8mm,1.4mm
1198,carex_ouachitana,leaf_width,6.7mm;5.1mm,5.1mm;2.4mm
1199,carex_ouachitana,plant_height,68cm;68cm;60cm,60cm;60cm;20cm
1200,carex_ovalis,inflorescence_length,4cm,1.5cm
1201,carex_ovalis,inflorescence_width,15mm,10mm
1202,carex_ovalis,plant_height,35cm;35cm;85cm,24cm;24cm;35cm
1203,carex_oxylepis,fruit_length,2.5mm,1.7mm
1204,carex_oxylepis,fruit_width,1.5mm,1mm
1205,carex_oxylepis,leaf_width,7mm;3mm,3mm;1.5mm
1206,carex_oxylepis,plant_height,80cm,25cm
1207,carex_ozarkana,inflorescence_length,8.4cm,2.3cm
1208,carex_ozarkana,inflorescence_width,17mm,6mm
1209,carex_ozarkana,leaf_width,4mm,1.8mm
1210,carex_ozarkana,plant_height,45cm;45cm;110cm;110cm;95cm,35cm;35cm;95cm;95cm;45cm
1211,carex_pachystachya,inflorescence_length,2.8cm,0.9cm
1212,carex_pachystachya,inflorescence_width,16.3mm,6.7mm
1213,carex_pachystachya,leaf_width,6.5mm;4.2mm,4.2mm;1.2mm
1214,carex_pachystachya,plant_height,120cm,15cm
1215,carex_paeninsulae,branch_quantity,0.95,0.73
1216,carex_paeninsulae,fruit_length,3.4mm,2.9mm
1217,carex_paeninsulae,fruit_width,1.4mm,1.3mm
1218,carex_paeninsulae,inflorescence_length,29cm,8.1cm
1219,carex_paeninsulae,leaf_width,4.6mm,3mm
1220,carex_paeninsulae,plant_height,11.4cm;39cm,4.8cm;8.9cm
1221,carex_paleacea,leaf_width,8mm,4mm
1222,carex_paleacea,plant_height,80cm,15cm
1223,carex_pallescens,fruit_length,2mm,1.8mm
1224,carex_pallescens,fruit_width,1.2mm,1mm
1225,carex_pallescens,leaf_width,3mm,2mm
1226,carex_pallescens,plant_height,80cm,20cm
1227,carex_panicea,fruit_length,2.9mm,1.8mm
1228,carex_panicea,fruit_width,1.9mm,1.3mm
1229,carex_panicea,inflorescence_length,21cm,3.2cm
1230,carex_panicea,leaf_width,4.7mm,1.4mm
1231,carex_panicea,plant_height,14cm;14cm;75cm,0.8cm;0.8cm;14cm
1232,carex_pansa,inflorescence_length,2.5cm,1.2cm
1233,carex_pansa,leaf_width,3.8mm,1.7mm
1234,carex_pansa,plant_height,40cm,8cm
1235,carex_parallela,fruit_length,2mm,1.6mm
1236,carex_parallela,fruit_width,1.3mm,0.9mm
1237,carex_parallela,leaf_width,1mm,0.4mm
1238,carex_parallela,plant_height,30cm,5cm
1239,carex_parryana,branch_quantity,5,2
1240,carex_parryana,leaf_width,4mm,2mm
1241,carex_parryana,plant_height,35cm,10cm
1242,carex_pauciflora,fruit_length,2.4mm,2mm
1243,carex_pauciflora,fruit_width,1mm,0.8mm
1244,carex_paysonis,leaf_width,6mm,3mm
1245,carex_paysonis,plant_height,50cm,15cm
1246,carex_peckii,fruit_length,2.4mm,1.9mm
1247,carex_peckii,fruit_width,1.3mm,1mm
1248,carex_peckii,leaf_width,3.3mm,1mm
1249,carex_peckii,plant_height,47cm,21cm
1250,carex_pedunculata,fruit_width,1.6mm,1.5mm
1251,carex_pedunculata,leaf_width,4mm,1.4mm
1252,carex_pedunculata,plant_height,28cm,8.8cm
1253,carex_pellita,inflorescence_length,30cm,5cm
1254,carex_pellita,plant_height,100cm,15cm
1255,carex_pelocarpa,branch_quantity,3,2
1256,carex_pelocarpa,leaf_width,4mm,3mm
1257,carex_pelocarpa,plant_height,40cm,10cm
1258,carex_pendula,inflorescence_length,100cm,20cm
1259,carex_pendula,leaf_width,18mm,8mm
1260,carex_pensylvanica,fruit_length,2.3mm,1.3mm
1261,carex_pensylvanica,fruit_width,1.6mm;1.4mm,1.4mm;0.9mm
1262,carex_pensylvanica,leaf_width,3.6mm,0.5mm
1263,carex_pensylvanica,plant_height,45cm,10cm
1264,carex_perdentata,branch_quantity,5;2.5,2.5;0
1265,carex_perdentata,fruit_length,2.8mm,1.8mm
1266,carex_perdentata,fruit_width,2.2mm,1.5mm
1267,carex_perdentata,inflorescence_length,2.8cm,1.4cm
1268,carex_perdentata,inflorescence_width,14.5mm,9mm
1269,carex_perdentata,leaf_width,4.6mm,2.2mm
1270,carex_perdentata,plant_height,90cm;90cm;75cm,75cm;75cm;17cm
1271,carex_perglobosa,inflorescence_length,1.8cm,1cm
1272,carex_perglobosa,plant_height,15cm,5cm
1273,carex_petasata,inflorescence_length,2.5cm;6cm;4.5cm,2cm;4.5cm;2.5cm
1274,carex_petasata,inflorescence_width,16mm,9mm
1275,carex_petasata,leaf_width,5mm;4mm,4mm;2mm
1276,carex_petasata,plant_height,85cm,30cm
1277,carex_petricosa,fruit_length,2.2mm,1.7mm
1278,carex_petricosa,fruit_width,1.3mm,1mm
1279,carex_petricosa,inflorescence_length,22cm;12cm,12cm;3cm
1280,carex_petricosa,leaf_width,3.5mm,1mm
1281,carex_petricosa,plant_height,90cm;90cm;50cm,10cm;0cm;0cm
1282,carex_phaeocephala,inflorescence_length,4cm;3.5cm,3.5cm;1.5cm
1283,carex_phaeocephala,inflorescence_width,15mm,10mm
1284,carex_phaeocephala,leaf_width,3mm;2.5mm,2.5mm;1mm
1285,carex_phaeocephala,plant_height,15cm;15cm;45cm,5cm;5cm;15cm
1286,carex_picta,leaf_width,4.5mm,2mm
1287,carex_picta,plant_height,35cm,12cm
1288,carex_pigra,branch_quantity,0.93,0.71
1289,carex_pigra,fruit_length,3.1mm,2.6mm
1290,carex_pigra,fruit_width,1.4mm;1.6mm,1.3mm;1.4mm
1291,carex_pigra,leaf_width,12.3mm,6.1mm
1292,carex_pigra,plant_height,50cm,10cm
1293,carex_pityophila,fruit_length,2.1mm,1.9mm
1294,carex_pityophila,fruit_width,1.6mm,1.4mm
1295,carex_pityophila,leaf_width,2.6mm;1.5mm,1.5mm;0.8mm
1296,carex_pityophila,plant_height,12cm,3cm
1297,carex_planispicata,branch_quantity,0.96,0.55
1298,carex_planispicata,fruit_length,3.7mm,2.8mm
1299,carex_planispicata,fruit_width,1.7mm,1.3mm
1300,carex_planispicata,leaf_width,3.5mm;6.5mm,3mm;3.5mm
1301,carex_planispicata,plant_height,60cm,14cm
1302,carex_planostachys,fruit_length,2.5mm,2.4mm
1303,carex_planostachys,fruit_width,1.7mm,1.5mm
1304,carex_planostachys,plant_height,30cm,0cm
1305,carex_plantaginea,fruit_length,2.7mm,2.2mm
1306,carex_plantaginea,fruit_width,1.9mm,1.5mm
1307,carex_plantaginea,plant_height,54cm,24cm
1308,carex_platyphylla,fruit_length,3mm,2.8mm
1309,carex_platyphylla,fruit_width,1.8mm,1.6mm
1310,carex_platyphylla,inflorescence_length,0.8cm,0.1cm
1311,carex_platyphylla,plant_height,38cm,14cm
1312,carex_pluriflora,leaf_width,4mm,1.5mm
1313,carex_pluriflora,plant_height,60cm,20cm
1314,carex_podocarpa,leaf_width,6mm,3mm
1315,carex_podocarpa,plant_height,60cm,5cm
1316,carex_polymorpha,fruit_length,2.8mm,2.2mm
1317,carex_polymorpha,fruit_width,2.3mm,1.4mm
1318,carex_polymorpha,inflorescence_length,19cm,6cm
1319,carex_polymorpha,leaf_width,6mm,2.5mm
1320,carex_polymorpha,plant_height,60cm,30cm
1321,carex_praeceptorum,fruit_width,1mm,0.8mm
1322,carex_praeceptorum,inflorescence_length,2cm;1.5cm,1.5cm;1cm
1323,carex_praeceptorum,inflorescence_width,10mm,5mm
1324,carex_praeceptorum,leaf_width,2.5mm,1.5mm
1325,carex_praeceptorum,plant_height,30cm;30cm;20cm,20cm;20cm;10cm
1326,carex_praegracilis,inflorescence_length,4cm,0.9cm
1327,carex_praegracilis,leaf_width,3.5mm;3mm,3mm;1mm
1328,carex_praegracilis,plant_height,25cm;25cm;100cm;100cm;80cm,10cm;10cm;80cm;80cm;25cm
1329,carex_prairea,branch_quantity,5,1
1330,carex_prairea,fruit_length,1.6mm,1.2mm
1331,carex_prairea,fruit_width,1mm,0.7mm
1332,carex_prairea,leaf_width,3mm,2mm
1333,carex_prairea,plant_height,6cm;100cm,3cm;6cm
1334,carex_prasina,fruit_length,2mm,1.3mm
1335,carex_prasina,fruit_width,1.2mm,1mm
1336,carex_prasina,leaf_width,5mm;3mm,2mm;2mm
1337,carex_prasina,plant_height,80cm,30cm
1338,carex_praticola,inflorescence_length,2.5cm;5cm,1.7cm;2.5cm
1339,carex_praticola,inflorescence_width,17mm;15mm,15mm;10mm
1340,carex_praticola,plant_height,30cm;30cm;95cm;95cm;70cm,16cm;16cm;70cm;70cm;30cm
1341,carex_preslii,inflorescence_length,3cm,1.4cm
1342,carex_preslii,inflorescence_width,8mm;15mm,5mm;8mm
1343,carex_preslii,leaf_width,3.6mm,1.7mm
1344,carex_preslii,plant_height,56cm,23cm
1345,carex_projecta,inflorescence_length,6cm,2.5cm
1346,carex_projecta,inflorescence_width,14mm,7mm
1347,carex_projecta,leaf_width,7mm,3mm
1348,carex_projecta,plant_height,90cm,50cm
1349,carex_proposita,inflorescence_length,3cm,1.7cm
1350,carex_proposita,inflorescence_width,18mm,11mm
1351,carex_proposita,leaf_width,1mm;2.5mm;2mm,0.5mm;2mm;1mm
1352,carex_proposita,plant_height,35cm,10cm
1353,carex_pseudocyperus,inflorescence_length,15cm,4cm
1354,carex_pseudocyperus,leaf_width,13mm,4mm
1355,carex_pseudocyperus,plant_height,100cm,25cm
1356,carex_pumila,inflorescence_length,19cm,2.5cm
1357,carex_pumila,leaf_width,3.3mm,1.5mm
1358,carex_pumila,plant_height,30cm,8cm
1359,carex_purpurifera,fruit_length,3.8mm,3.4mm
1360,carex_purpurifera,fruit_width,2mm,1.6mm
1361,carex_purpurifera,inflorescence_length,3.1cm;15.7cm;5.4cm,0.4cm;5.4cm;3.1cm
1362,carex_purpurifera,leaf_width,3.4mm;10mm,0.5mm;5mm
1363,carex_purpurifera,plant_height,56cm,28cm
1364,carex_radfordii,fruit_length,2.8mm,1.2mm
1365,carex_radfordii,fruit_width,1.4mm,0.9mm
1366,carex_radfordii,leaf_width,3.4mm;10mm,0.5mm;5mm
1367,carex_radfordii,plant_height,61cm,28cm
1368,carex_radiata,fruit_length,2mm,1.5mm
1369,carex_radiata,fruit_width,1.4mm,1mm
1370,carex_radiata,inflorescence_length,7cm,3cm
1371,carex_radiata,inflorescence_width,7.5mm,5mm
1372,carex_radiata,leaf_width,1.9mm,1.3mm
1373,carex_radiata,plant_height,80cm,20cm
1374,carex_ramenskii,leaf_width,4mm,2mm
1375,carex_ramenskii,plant_height,50cm,10cm
1376,carex_rariflora,leaf_width,2.5mm,1mm
1377,carex_rariflora,plant_height,35cm,5cm
1378,carex_raynoldsii,branch_quantity,4,2
1379,carex_raynoldsii,leaf_width,7mm,3mm
1380,carex_raynoldsii,plant_height,75cm,20cm
1381,carex_recta,leaf_width,5mm,2.5mm
1382,carex_recta,plant_height,80cm,25cm
1383,carex_reniformis,inflorescence_length,5cm,2cm
1384,carex_reniformis,inflorescence_width,14mm,6mm
1385,carex_reniformis,leaf_width,3.2mm,1.8mm
1386,carex_reniformis,plant_height,75cm,25cm
1387,carex_retroflexa,fruit_length,1.6mm,1.3mm
1388,carex_retroflexa,fruit_width,1.5mm,1.3mm
1389,carex_retroflexa,inflorescence_length,4cm,1cm
1390,carex_retroflexa,inflorescence_width,9mm,5mm
1391,carex_retroflexa,leaf_width,3mm,1.4mm
1392,carex_retroflexa,plant_height,75cm,10cm
1393,carex_retrorsa,inflorescence_length,35cm;20cm,20cm;3cm
1394,carex_retrorsa,leaf_width,10mm,3mm
1395,carex_retrorsa,plant_height,105cm,10cm
1396,carex_richardsonii,fruit_length,1.8mm,1.7mm
1397,carex_richardsonii,fruit_width,1.2mm,1.1mm
1398,carex_richardsonii,leaf_width,3.3mm,0.9mm
1399,carex_richardsonii,plant_height,32cm,14cm
1400,carex_roanensis,inflorescence_length,6mm,5mm
1401,carex_roanensis,leaf_width,4.5mm;3.5mm,2.5mm;2mm
1402,carex_roanensis,plant_height,85cm,60cm
1403,carex_rosea,fruit_length,2.2mm,1.6mm
1404,carex_rosea,fruit_width,1.6mm,1.1mm
1405,carex_rosea,inflorescence_length,7cm,2cm
1406,carex_rosea,inflorescence_width,8mm,5mm
1407,carex_rosea,leaf_width,2.6mm,1.8mm
1408,carex_rosea,plant_height,90cm,20cm
1409,carex_rossii,fruit_length,2.4mm,1.9mm
1410,carex_rossii,fruit_width,1.7mm,1.3mm
1411,carex_rossii,leaf_width,4mm;2.5mm,2.5mm;0.8mm
1412,carex_rossii,plant_height,40cm;40cm;30cm,30cm;30cm;7cm
1413,carex_rostrata,inflorescence_length,30cm,10cm
1414,carex_rostrata,leaf_width,7.5mm;4.5mm,4.5mm;1.5mm
1415,carex_rostrata,plant_height,90cm,8cm
1416,carex_rotundata,inflorescence_length,14cm,2cm
1417,carex_rotundata,plant_height,48cm,17cm
1418,carex_rufina,leaf_width,2mm,1.5mm
1419,carex_rufina,plant_height,15cm,4cm
1420,carex_rupestris,fruit_length,2.5mm,2.2mm
1421,carex_rupestris,plant_height,20cm,4cm
1422,carex_ruthii,fruit_length,1.8mm,1.1mm
1423,carex_ruthii,fruit_width,1.4mm,0.9mm
1424,carex_ruthii,inflorescence_length,3cm;8.5cm,2.2cm;3cm
1425,carex_ruthii,leaf_width,5mm;2.9mm;5mm,1.6mm;2.6mm;2.9mm
1426,carex_ruthii,plant_height,30cm;30cm;100cm,23cm;23cm;30cm
1427,carex_sabulosa,branch_quantity,4;2,2;1
1428,carex_sabulosa,leaf_width,3mm,2mm
1429,carex_sabulosa,plant_height,35cm,25cm
1430,carex_salina,leaf_width,3mm,2mm
1431,carex_salina,plant_height,35cm,6cm
1432,carex_sartwelliana,branch_quantity,5;4,4;3
1433,carex_sartwelliana,inflorescence_length,17cm,4cm
1434,carex_sartwelliana,leaf_width,9mm,4mm
1435,carex_sartwelliana,plant_height,130cm,45cm
1436,carex_sartwellii,inflorescence_length,9cm;7cm,7cm;2.5cm
1437,carex_sartwellii,leaf_width,4.6mm,2.5mm
1438,carex_sartwellii,plant_height,40cm;40cm;120cm,30cm;30cm;40cm
1439,carex_saxatilis,inflorescence_length,20cm;14cm,14cm;2.5cm
1440,carex_saxatilis,leaf_width,6.3mm,0.9mm
1441,carex_saxatilis,plant_height,90cm,8cm
1442,carex_saximontana,fruit_length,3mm,2.5mm
1443,carex_saximontana,fruit_width,2.4mm,1.6mm
1444,carex_saximontana,leaf_width,4.9mm,1.9mm
1445,carex_saximontana,plant_height,34cm,2.5cm
1446,carex_scabrata,fruit_length,2.3mm,1.8mm
1447,carex_scabrata,fruit_width,1.5mm,1.2mm
1448,carex_scabrata,leaf_width,12mm;8mm,8mm;4mm
1449,carex_scabrata,plant_height,90cm,30cm
1450,carex_scabriuscula,fruit_length,2.8mm,0mm
1451,carex_scabriuscula,fruit_width,1.4mm,0mm
1452,carex_scabriuscula,plant_height,35cm;35cm;65cm,30cm;30cm;35cm
1453,carex_schottii,leaf_width,15mm,10mm
1454,carex_schottii,plant_height,150cm,75cm
1455,carex_schweinitzii,inflorescence_length,24cm,8cm
1456,carex_schweinitzii,leaf_width,11mm,4mm
1457,carex_schweinitzii,plant_height,65cm,18cm
1458,carex_scirpoidea,fruit_length,1.8mm;2mm;1.5mm;1.8mm,1.5mm;1.2mm;1mm;1.5mm
1459,carex_scirpoidea,fruit_width,1.2mm;1mm;0.9mm;1.2mm,0.9mm;0.8mm;0.6mm;0.8mm
1460,carex_scirpoidea,leaf_width,1.5mm,0mm;1.5mm
1461,carex_scirpoidea,plant_height,19.5cm;19.5cm;38cm;38cm;10cm;10cm;40cm;40cm;40cm;40cm;31cm;34cm;35cm;35cm;35cm,9.2cm;9.2cm;35cm;35cm;5cm;5cm;35cm;35cm;35cm;35cm;5cm;24cm;19.5cm;10cm;5cm
1462,carex_scoparia,inflorescence_length,6cm;2.5cm;6cm,1.5cm;1.5cm;1.5cm
1463,carex_scoparia,inflorescence_width,20mm,5mm
1464,carex_scoparia,leaf_width,3.5mm;3mm,3mm;1.4mm
1465,carex_scoparia,plant_height,100cm,20cm
1466,carex_scopulorum,leaf_width,6mm;6mm;6mm;6mm,3mm;3mm;3mm;3mm
1467,carex_scopulorum,plant_height,65cm;90cm;40cm;90cm,11cm;35cm;11cm;10cm
1468,carex_senta,leaf_width,8mm,4mm
1469,carex_senta,plant_height,100cm,50cm
1470,carex_seorsa,fruit_length,1.6mm,1.2mm
1471,carex_seorsa,fruit_width,1.4mm,0.85mm
1472,carex_seorsa,inflorescence_length,7cm,1.8cm
1473,carex_seorsa,leaf_width,3.9mm;3.9mm,0.8mm;2.1mm
1474,carex_seorsa,plant_height,75cm,15cm
1475,carex_serpenticola,fruit_length,2.2mm,1.9mm
1476,carex_serpenticola,fruit_width,1.8mm,1.4mm
1477,carex_serpenticola,leaf_width,5mm;3.5mm,3.5mm;1.5mm
1478,carex_serpenticola,plant_height,38cm,8cm
1479,carex_serratodens,branch_quantity,4,2
1480,carex_serratodens,leaf_width,4mm,2mm
1481,carex_serratodens,plant_height,75cm,30cm
1482,carex_sheldonii,inflorescence_length,50cm,15cm
1483,carex_sheldonii,leaf_width,6mm,2.5mm
1484,carex_sheldonii,plant_height,80cm,40cm
1485,carex_shinnersii,inflorescence_length,5.9cm,2.8cm
1486,carex_shinnersii,inflorescence_width,17mm,6mm
1487,carex_shinnersii,leaf_width,4.2mm,1.8mm
1488,carex_shinnersii,plant_height,110cm,40cm
1489,carex_shortiana,fruit_length,1.8mm,1.5mm
1490,carex_shortiana,fruit_width,1.3mm,1mm
1491,carex_shortiana,leaf_width,9mm,4mm
1492,carex_shortiana,plant_height,90cm,30cm
1493,carex_siccata,inflorescence_length,5cm,1cm
1494,carex_siccata,leaf_width,3.2mm,1mm
1495,carex_siccata,plant_height,90cm,15cm
1496,carex_silicea,inflorescence_length,4cm;8cm,2.5cm;4cm
1497,carex_silicea,inflorescence_width,12mm,5mm
1498,carex_silicea,leaf_width,5mm,1mm
1499,carex_silicea,plant_height,85cm,15cm
1500,carex_simulata,inflorescence_length,3cm,1cm
1501,carex_simulata,leaf_width,3.7mm,1mm
1502,carex_simulata,plant_height,20cm;20cm;80cm,10cm;10cm;20cm
1503,carex_socialis,fruit_length,2.3mm,1.8mm
1504,carex_socialis,fruit_width,1mm,0.8mm
1505,carex_socialis,inflorescence_length,5cm,2.5cm
1506,carex_socialis,inflorescence_width,6mm,4mm
1507,carex_socialis,leaf_width,2.2mm,1.5mm
1508,carex_socialis,plant_height,70cm,20cm
1509,carex_sparganioides,fruit_length,2.2mm,1.7mm
1510,carex_sparganioides,fruit_width,1.8mm,1.5mm
1511,carex_sparganioides,inflorescence_length,15cm,3cm
1512,carex_sparganioides,inflorescence_width,12mm,8mm
1513,carex_sparganioides,leaf_width,10mm,5mm
1514,carex_sparganioides,plant_height,100cm,30cm
1515,carex_specifica,inflorescence_length,5cm,1.9cm
1516,carex_specifica,inflorescence_width,19mm,12mm
1517,carex_specifica,leaf_width,3mm;5mm,2.3mm;3mm
1518,carex_specifica,plant_height,85cm,50cm
1519,carex_spectabilis,leaf_width,5mm,2mm
1520,carex_spectabilis,plant_height,50cm,25cm
1521,carex_specuicola,branch_quantity,3,1
1522,carex_specuicola,leaf_width,3mm,1mm
1523,carex_specuicola,plant_height,45cm,25cm
1524,carex_spicata,fruit_length,2.3mm,2mm
1525,carex_spicata,inflorescence_length,4cm,1cm
1526,carex_spicata,inflorescence_width,10mm,6mm
1527,carex_spicata,leaf_width,4mm,2mm
1528,carex_spicata,plant_height,85cm,10cm
1529,carex_spissa,inflorescence_length,80cm,25cm
1530,carex_spissa,leaf_width,18mm,7mm
1531,carex_sprengelii,fruit_length,2.5mm,2mm
1532,carex_sprengelii,fruit_width,1.8mm,1.7mm
1533,carex_sprengelii,leaf_width,4mm;1.5mm,2.5mm;1mm
1534,carex_sprengelii,plant_height,90cm,30cm
1535,carex_squarrosa,leaf_width,5.7mm,3mm
1536,carex_squarrosa,plant_height,80cm,30cm
1537,carex_stenoptila,inflorescence_length,2.5cm;2cm,2cm;1.2cm
1538,carex_stenoptila,inflorescence_width,15mm,8mm
1539,carex_stenoptila,leaf_width,3.8mm,2.2mm
1540,carex_stenoptila,plant_height,70cm,17cm
1541,carex_sterilis,fruit_length,1.7mm,1mm
1542,carex_sterilis,fruit_width,1.3mm,0.9mm
1543,carex_sterilis,inflorescence_length,4cm,0.9cm
1544,carex_sterilis,leaf_width,2.6mm;2.6mm,1.2mm;1.6mm
1545,carex_sterilis,plant_height,75cm,10cm
1546,carex_stevenii,branch_quantity,3,2
1547,carex_stevenii,leaf_width,4mm,3mm
1548,carex_stevenii,plant_height,60cm,15cm
1549,carex_stipata,branch_quantity,25,15
1550,carex_stipata,fruit_length,2mm,0mm
1551,carex_stipata,fruit_width,1.5mm,0mm
1552,carex_stipata,inflorescence_length,10cm;15cm;15cm,0cm;0cm;5cm
1553,carex_stipata,inflorescence_width,3cm;4cm,0cm;0cm
1554,carex_stipata,leaf_width,15mm,8mm
1555,carex_stipata,plant_height,120cm;120cm;120cm,0cm;0cm;0cm
1556,carex_straminea,inflorescence_length,8cm,3.5cm
1557,carex_straminea,inflorescence_width,14mm,5mm
1558,carex_straminea,leaf_width,3mm,1.5mm
1559,carex_straminea,plant_height,100cm,35cm
1560,carex_straminiformis,inflorescence_length,3cm,1.3cm
1561,carex_straminiformis,inflorescence_width,20mm,12mm
1562,carex_straminiformis,leaf_width,3mm;4mm,2.5mm;3mm
1563,carex_straminiformis,plant_height,50cm,20cm
1564,carex_striata,inflorescence_length,45cm;35cm,35cm;9cm
1565,carex_striata,leaf_width,6mm;5mm,5mm;2.6mm
1566,carex_striata,plant_height,90cm,40cm
1567,carex_striatula,fruit_length,4.6mm;2.8mm,2.8mm;2.2mm
1568,carex_striatula,fruit_width,1.8mm,1mm
1569,carex_striatula,inflorescence_length,12cm,0.4cm
1570,carex_striatula,leaf_width,3.4mm,0.5mm
1571,carex_striatula,plant_height,62cm,45cm
1572,carex_stricta,leaf_width,6mm,4mm
1573,carex_stricta,plant_height,150cm,50cm
1574,carex_styloflexa,fruit_length,3.2mm,2.2mm
1575,carex_styloflexa,fruit_width,1.4mm,1mm
1576,carex_styloflexa,leaf_width,3.4mm,0.5mm
1577,carex_styloflexa,plant_height,82cm,24cm
1578,carex_stylosa,branch_quantity,2;4;3,1;3;2
1579,carex_stylosa,leaf_width,4mm,2mm
1580,carex_stylosa,plant_height,50cm,15cm
1581,carex_subbracteata,inflorescence_length,3.5cm,1.3cm
1582,carex_subbracteata,inflorescence_width,23mm,7mm
1583,carex_subbracteata,leaf_width,4.6mm;3.7mm,3.7mm;1.3mm
1584,carex_subbracteata,plant_height,105cm,27cm
1585,carex_suberecta,inflorescence_length,3.5cm;3cm,3cm;1.5cm
1586,carex_suberecta,inflorescence_width,14mm,6mm
1587,carex_suberecta,leaf_width,2.5mm,1.5mm
1588,carex_suberecta,plant_height,80cm,40cm
1589,carex_subfusca,inflorescence_length,3cm,1.1cm
1590,carex_subfusca,inflorescence_width,16.3mm,5.4mm
1591,carex_subfusca,leaf_width,3.7mm;3mm,3mm;1.2mm
1592,carex_subfusca,plant_height,104cm,20cm
1593,carex_subnigricans,inflorescence_length,2cm,0.7cm
1594,carex_subnigricans,inflorescence_width,6mm,4mm
1595,carex_subnigricans,leaf_width,10mm,0.4mm
1596,carex_subnigricans,plant_height,20cm,5cm
1597,carex_subspathacea,leaf_width,2mm,1mm
1598,carex_subspathacea,plant_height,15cm,3cm
1599,carex_superata,fruit_length,2.5mm;3.3mm;3.1mm,2.1mm;3.1mm;2.5mm
1600,carex_superata,fruit_width,1.5mm;2.1mm;1.9mm,1.4mm;1.9mm;1.5mm
1601,carex_superata,leaf_width,4.6mm,1.2mm
1602,carex_superata,plant_height,7.1cm;7.1cm;14.4cm,4.7cm;4.7cm;7.1cm
1603,carex_supina,fruit_length,2mm,1.7mm
1604,carex_supina,fruit_width,1.4mm,1.3mm
1605,carex_supina,leaf_width,1.5mm,1mm
1606,carex_supina,plant_height,30cm,0cm
1607,carex_swanii,fruit_length,1.8mm,1.4mm
1608,carex_swanii,fruit_width,1.1mm,0.8mm
1609,carex_swanii,leaf_width,3mm,1.5mm
1610,carex_swanii,plant_height,75cm,15cm
1611,carex_sychnocephala,inflorescence_length,3cm,1.6cm
1612,carex_sychnocephala,inflorescence_width,15mm,7mm
1613,carex_sychnocephala,leaf_width,3mm,1.2mm
1614,carex_sychnocephala,plant_height,40cm,8cm
1615,carex_sylvatica,fruit_length,2.6mm,2.2mm
1616,carex_sylvatica,fruit_width,1.5mm,1.2mm
1617,carex_sylvatica,leaf_width,5.5mm;15mm;8.5mm;3mm,3mm;8.5mm;5.5mm;2mm
1618,carex_sylvatica,plant_height,200cm;110cm,110cm;25cm
1619,carex_tahoensis,inflorescence_length,2cm;3.7cm;3cm,1.5cm;3cm;2cm
1620,carex_tahoensis,inflorescence_width,12mm,6mm
1621,carex_tahoensis,plant_height,45cm,15cm
1622,carex_tenax,fruit_length,3.5mm,3mm
1623,carex_tenax,fruit_width,2mm,1.9mm
1624,carex_tenax,plant_height,50cm,20cm
1625,carex_tenera,inflorescence_length,2.5cm;5cm,2cm;2.5cm
1626,carex_tenera,inflorescence_width,10mm,7mm
1627,carex_tenera,leaf_width,3mm;2.5mm,2.5mm;1.3mm
1628,carex_tenera,plant_height,90cm,20cm
1629,carex_tenuiflora,fruit_length,2mm,1.5mm
1630,carex_tenuiflora,fruit_width,1.5mm,1.25mm
1631,carex_tenuiflora,inflorescence_length,1.2cm,0.6cm
1632,carex_tenuiflora,inflorescence_width,9mm,4mm
1633,carex_tenuiflora,leaf_width,2mm,0.5mm
1634,carex_tenuiflora,plant_height,50cm,10cm
1635,carex_tetanica,fruit_length,3mm,1.8mm
1636,carex_tetanica,fruit_width,1.8mm;1.6mm,1.6mm;1.2mm
1637,carex_tetanica,inflorescence_length,32cm,4cm
1638,carex_tetanica,leaf_width,5mm,1.5mm
1639,carex_tetanica,plant_height,65cm,15cm
1640,carex_tetrastachya,inflorescence_length,6cm,2.5cm
1641,carex_tetrastachya,inflorescence_width,25mm,10mm
1642,carex_tetrastachya,leaf_width,5mm,2.5mm
1643,carex_tetrastachya,plant_height,100cm,30cm
1644,carex_texensis,fruit_length,1.5mm,1.3mm
1645,carex_texensis,fruit_width,1.1mm,1mm
1646,carex_texensis,inflorescence_length,3cm,0.6cm
1647,carex_texensis,inflorescence_width,6mm,5mm
1648,carex_texensis,leaf_width,1.7mm,1mm
1649,carex_texensis,plant_height,30cm,10cm
1650,carex_thornei,branch_quantity,0.96,0.77
1651,carex_thornei,fruit_length,3.5mm,2.6mm
1652,carex_thornei,fruit_width,1.6mm,1.3mm
1653,carex_thornei,inflorescence_length,38cm,13cm
1654,carex_thornei,leaf_width,4mm,2.1mm
1655,carex_thornei,plant_height,8.1cm;53cm,4.8cm;24cm
1656,carex_thurberi,inflorescence_length,25cm,6cm
1657,carex_thurberi,leaf_width,9mm,3.5mm
1658,carex_thurberi,plant_height,100cm,40cm
1659,carex_timida,fruit_length,2.5mm,2.1mm
1660,carex_timida,fruit_width,2.1mm,1.6mm
1661,carex_timida,leaf_width,4.3mm,1mm
1662,carex_timida,plant_height,34cm,4.6cm
1663,carex_tincta,inflorescence_length,3.5cm;2.5cm,2.5cm;1.2cm
1664,carex_tincta,inflorescence_width,15mm;12mm,12mm;8mm
1665,carex_tincta,leaf_width,4mm,2mm
1666,carex_tincta,plant_height,150cm;150cm;85cm,85cm;85cm;25cm
1667,carex_tompkinsii,leaf_width,3mm,1.5mm
1668,carex_tompkinsii,plant_height,40cm,10cm
1669,carex_tonsa,fruit_length,2mm,1.6mm
1670,carex_tonsa,fruit_width,1.6mm,1.2mm
1671,carex_tonsa,leaf_width,4.3mm,0.5mm
1672,carex_tonsa,plant_height,16cm,4cm
1673,carex_torreyi,fruit_length,2.5mm,2mm
1674,carex_torreyi,fruit_width,1.9mm,1.5mm
1675,carex_torreyi,leaf_width,3mm,1.5mm
1676,carex_torreyi,plant_height,50cm,15cm
1677,carex_torta,leaf_width,5mm,3mm
1678,carex_torta,plant_height,75cm,25cm
1679,carex_triangularis,branch_quantity,15,10
1680,carex_triangularis,fruit_length,1.6mm,1.4mm
1681,carex_triangularis,inflorescence_length,6cm,2.5cm
1682,carex_triangularis,plant_height,100cm,0cm
1683,carex_tribuloides,inflorescence_length,8cm;5cm,5cm;2cm
1684,carex_tribuloides,inflorescence_width,20mm,10mm
1685,carex_tribuloides,leaf_width,3mm;7mm;7mm;3mm;4.5mm,2mm;3mm;3.2mm;2mm;3mm
1686,carex_tribuloides,plant_height,110cm,50cm
1687,carex_trichocarpa,inflorescence_length,60cm;50cm,50cm;13cm
1688,carex_trichocarpa,leaf_width,8.8mm,2.5mm
1689,carex_trichocarpa,plant_height,120cm,40cm
1690,carex_triquetra,fruit_length,3.5mm,3.3mm
1691,carex_triquetra,fruit_width,2.5mm,1.9mm
1692,carex_triquetra,leaf_width,4mm,2mm
1693,carex_triquetra,plant_height,75cm,30cm
1694,carex_trisperma,fruit_length,2mm,1.75mm
1695,carex_trisperma,fruit_width,1.5mm,1.25mm
1696,carex_trisperma,inflorescence_length,10cm,5cm
1697,carex_trisperma,inflorescence_width,4mm,3mm
1698,carex_trisperma,leaf_width,2mm,0.25mm
1699,carex_trisperma,plant_height,70cm,20cm
1700,carex_tuckermanii,inflorescence_length,35cm,10cm
1701,carex_tuckermanii,leaf_width,5mm,2mm
1702,carex_tuckermanii,plant_height,120cm,40cm
1703,carex_tumulicola,fruit_length,2.4mm,2mm
1704,carex_tumulicola,fruit_width,1.7mm,1.4mm
1705,carex_tumulicola,inflorescence_length,5cm,1.5cm
1706,carex_tumulicola,inflorescence_width,8mm,5mm
1707,carex_tumulicola,leaf_width,2.5mm,1.5mm
1708,carex_tumulicola,plant_height,80cm,20cm
1709,carex_turbinata,fruit_length,2.6mm,1.6mm
1710,carex_turbinata,fruit_width,2.4mm,1.5mm
1711,carex_turbinata,leaf_width,3.5mm,2mm
1712,carex_turbinata,plant_height,47cm,21cm
1713,carex_turgescens,branch_quantity,2;3,1;2
1714,carex_turgescens,fruit_length,3.6mm,2.8mm
1715,carex_turgescens,fruit_width,2.2mm,1.6mm
1716,carex_turgescens,inflorescence_length,5cm;45cm;30cm,3cm;30cm;5cm
1717,carex_turgescens,leaf_width,6mm,1.8mm
1718,carex_turgescens,plant_height,160cm;160cm;100cm,100cm;100cm;45cm
1719,carex_typhina,leaf_width,8.7mm,3.9mm
1720,carex_typhina,plant_height,80cm,30cm
1721,carex_umbellata,fruit_length,1.7mm,1.4mm
1722,carex_umbellata,fruit_width,1.3mm,1mm
1723,carex_umbellata,leaf_width,3.8mm;2.3mm,2.3mm;1mm
1724,carex_umbellata,plant_height,18cm;18cm;7.5cm,7.5cm;7.5cm;3cm
1725,carex_unilateralis,inflorescence_length,1.4cm;2.5cm,1cm;1.4cm
1726,carex_unilateralis,inflorescence_width,17mm,9mm
1727,carex_unilateralis,leaf_width,3mm,2mm
1728,carex_unilateralis,plant_height,75cm,35cm
1729,carex_ursina,fruit_width,1mm,0.7mm
1730,carex_ursina,inflorescence_length,1cm,0.4cm
1731,carex_ursina,inflorescence_width,6mm,3mm
1732,carex_ursina,leaf_width,1.5mm,0.5mm
1733,carex_ursina,plant_height,10cm,2cm
1734,carex_utriculata,inflorescence_length,50cm;40cm,40cm;10cm
1735,carex_utriculata,leaf_width,15mm;12mm,12mm;4.5mm
1736,carex_utriculata,plant_height,100cm,25cm
1737,carex_vacillans,leaf_width,4mm,2.8mm
1738,carex_vacillans,plant_height,60cm,15cm
1739,carex_vaginata,fruit_length,3mm,2.2mm
1740,carex_vaginata,fruit_width,1.5mm,1.2mm
1741,carex_vaginata,inflorescence_length,25cm,6.5cm
1742,carex_vaginata,leaf_width,4mm,1.5mm
1743,carex_vaginata,plant_height,60cm,7cm
1744,carex_vallicola,fruit_length,2.7mm,1.6mm
1745,carex_vallicola,fruit_width,2mm,1.5mm
1746,carex_vallicola,inflorescence_length,3cm,0.5cm
1747,carex_vallicola,inflorescence_width,8mm,5mm
1748,carex_vallicola,leaf_width,3mm,1mm
1749,carex_vallicola,plant_height,60cm,12cm
1750,carex_venusta,fruit_length,2.5mm,2mm
1751,carex_venusta,fruit_width,1.5mm,1mm
1752,carex_venusta,leaf_width,7.2mm;3.5mm,2.8mm;1.5mm
1753,carex_venusta,plant_height,90cm,30cm
1754,carex_vernacula,inflorescence_length,1.6cm,0.8cm
1755,carex_vernacula,leaf_width,2mm;4mm;3.5mm,1.5mm;3.5mm;2mm
1756,carex_vernacula,plant_height,40cm,8cm
1757,carex_verrucosa,fruit_length,2.7mm,2.5mm
1758,carex_verrucosa,fruit_width,2.7mm,2.5mm
1759,carex_verrucosa,plant_height,125cm,0cm
1760,carex_vesicaria,inflorescence_length,45cm,7.5cm
1761,carex_vesicaria,leaf_width,6.5mm,1.8mm
1762,carex_vesicaria,plant_height,105cm,15cm
1763,carex_vestita,inflorescence_length,10cm,3cm
1764,carex_vestita,leaf_width,5.5mm,2.2mm
1765,carex_vestita,plant_height,90cm,25cm
1766,carex_vexans,inflorescence_length,4cm,1.5cm
1767,carex_vexans,inflorescence_width,20mm,10mm
1768,carex_vexans,leaf_width,5mm,2mm
1769,carex_vexans,plant_height,80cm,25cm
1770,carex_virescens,fruit_length,2mm,1.5mm
1771,carex_virescens,fruit_width,1.1mm,0.8mm
1772,carex_virescens,leaf_width,4mm,2mm
1773,carex_virescens,plant_height,100cm,30cm
1774,carex_viridula,fruit_length,1.5mm;1.4mm;1.4mm;1.8mm;1.8mm,1.1mm;1.2mm;1.2mm;1.2mm;1mm
1775,carex_viridula,fruit_width,1.2mm;1mm;1mm;1.4mm;1.4mm,0.9mm;0.9mm;0.9mm;0.9mm;0.7mm
1776,carex_viridula,inflorescence_width,8.5mm,5.3mm
1777,carex_viridula,leaf_width,4.6mm;3.5mm;4.5mm;3.1mm;3.5mm;5.4mm;5.4mm,1.4mm;1.6mm;3.1mm;0mm;1.6mm;1mm;0.8mm
1778,carex_viridula,plant_height,35cm;4.5cm;40cm;4.5cm;85cm;85cm,10cm;2cm;2cm;2cm;2cm;2cm
1779,carex_vulpinoidea,branch_quantity,15,10
1780,carex_vulpinoidea,fruit_length,1.4mm,1.2mm
1781,carex_vulpinoidea,inflorescence_length,7cm;10cm,3cm;7cm
1782,carex_vulpinoidea,plant_height,100cm,0cm
1783,carex_whitneyi,fruit_length,3.9mm,2.8mm
1784,carex_whitneyi,fruit_width,2.4mm,1.7mm
1785,carex_whitneyi,leaf_width,6mm,2mm
1786,carex_whitneyi,plant_height,100cm,25cm
1787,carex_wiegandii,fruit_length,1.9mm,1.4mm
1788,carex_wiegandii,fruit_width,1.55mm,1.1mm
1789,carex_wiegandii,inflorescence_length,1.5cm;3cm,0.8cm;1.5cm
1790,carex_wiegandii,leaf_width,5mm;5mm,1.7mm;2.8mm
1791,carex_wiegandii,plant_height,105cm,10cm
1792,carex_willdenowii,fruit_length,2.1mm;2.6mm;2.5mm,1.8mm;2.5mm;2.1mm
1793,carex_willdenowii,fruit_width,1.3mm;1.6mm;1.5mm,1.2mm;1.5mm;1.3mm
1794,carex_willdenowii,leaf_width,3.2mm,1.3mm
1795,carex_willdenowii,plant_height,8.2cm;8.2cm;29.7cm,3.1cm;3.1cm;8.2cm
1796,carex_williamsii,fruit_length,1.5mm,1.2mm
1797,carex_williamsii,leaf_width,1mm,0.25mm
1798,carex_williamsii,plant_height,30cm;30cm;15cm,15cm;15cm;0cm
1799,carex_woodii,fruit_length,2.5mm,2mm
1800,carex_woodii,fruit_width,1.4mm,1.2mm
1801,carex_woodii,inflorescence_length,13cm,5cm
1802,carex_woodii,leaf_width,4mm;3mm,3mm;1.8mm
1803,carex_woodii,plant_height,70cm,30cm
1804,carex_wootonii,inflorescence_length,4cm,2.5cm
1805,carex_wootonii,inflorescence_width,20mm,9mm
1806,carex_wootonii,leaf_width,4.5mm,2.5mm
1807,carex_wootonii,plant_height,75cm,30cm
1808,carex_xerantica,leaf_width,3mm,1mm
1809,carex_xerantica,plant_height,70cm,15cm
1810,cymophyllus_fraserianus,fruit_length,3.2mm,2.4mm
1811,cymophyllus_fraserianus,fruit_width,2.5mm,1.6mm
1812,cymophyllus_fraserianus,inflorescence_length,2.5cm,1.4cm
1813,cymophyllus_fraserianus,inflorescence_width,1.5cm,1.1cm
1814,cymophyllus_fraserianus,plant_height,40cm,20cm
1815,dulichium_arundinaceum,fruit_length,4mm,2mm
1816,dulichium_arundinaceum,fruit_width,1.1mm,0.8mm
1817,dulichium_arundinaceum,inflorescence_length,30cm,6cm
1818,dulichium_arundinaceum,leaf_width,8mm;8mm;3mm,1mm;3.5mm;1mm
1819,dulichium_arundinaceum,plant_height,100cm;30cm;100cm,20cm;10cm;20cm
1820,eriophorum_angustifolium,plant_height,100cm;100cm;30cm,0cm;20cm;0cm
1821,eriophorum_brachyantherum,fruit_length,2mm;2.7mm;2.3mm,1.8mm;2.3mm;2mm
1822,eriophorum_brachyantherum,fruit_width,1.2mm,0.5mm
1823,eriophorum_brachyantherum,plant_height,70cm,20cm
1824,eriophorum_callitrix,leaf_width,1.2mm,0.4mm
1825,eriophorum_callitrix,plant_height,50cm;50cm;20cm,20cm;20cm;5cm
1826,eriophorum_chamissonis,leaf_width,2mm,1mm
1827,eriophorum_chamissonis,plant_height,30cm;30cm;80cm;80cm;70cm,20cm;20cm;70cm;70cm;30cm
1828,eriophorum_crinigerum,leaf_width,6mm,1mm
1829,eriophorum_crinigerum,plant_height,100cm,20cm
1830,eriophorum_gracile,leaf_width,1.5mm;2mm,1mm;1mm
1831,eriophorum_gracile,plant_height,60cm,20cm
1832,eriophorum_scheuchzeri,plant_height,70cm;70cm;35cm,35cm;35cm;5cm
1833,eriophorum_tenellum,leaf_width,1.5mm;3mm;1.5mm,1mm;1.5mm;1mm
1834,eriophorum_tenellum,plant_height,90cm,20cm
1835,eriophorum_vaginatum,plant_height,60cm,10cm
1836,eriophorum_virginicum,leaf_width,4mm,1.5mm
1837,eriophorum_virginicum,plant_height,120cm,40cm
1838,eriophorum_viridicarinatum,leaf_width,6mm,2mm
1839,eriophorum_viridicarinatum,plant_height,90cm,20cm
1840,kobresia_myosuroides,inflorescence_length,30mm,10mm
1841,kobresia_myosuroides,inflorescence_width,3mm,2mm
1842,kobresia_myosuroides,leaf_width,0.5mm,0.2mm
1843,kobresia_myosuroides,plant_height,35cm;35cm;20cm,20cm;20cm;5cm
1844,kobresia_sibirica,inflorescence_length,20mm,10mm
1845,kobresia_sibirica,inflorescence_width,8mm,4mm
1846,kobresia_sibirica,leaf_width,0.5mm,0.25mm
1847,kobresia_sibirica,plant_height,40cm,5cm
1848,kobresia_simpliciuscula,inflorescence_length,10mm;35mm,8mm;10mm
1849,kobresia_simpliciuscula,inflorescence_width,3mm;8mm,2mm;3mm
1850,kobresia_simpliciuscula,leaf_width,2mm;1.5mm,1.5mm;0.2mm
1851,kobresia_simpliciuscula,plant_height,35cm,5cm
1852,scirpus_ancistrochaetus,fruit_length,1.7mm,1.1mm
1853,scirpus_ancistrochaetus,fruit_width,0.8mm,0.6mm
1854,scirpus_ancistrochaetus,leaf_width,16mm;13mm,13mm;7mm
1855,scirpus_atrocinctus,fruit_length,0.9mm,0.7mm
1856,scirpus_atrocinctus,fruit_width,0.5mm,0.4mm
1857,scirpus_atrocinctus,leaf_width,6mm,3mm
1858,scirpus_atrovirens,fruit_length,1mm;1.3mm,0.8mm;1mm
1859,scirpus_atrovirens,fruit_width,0.6mm,0.4mm
1860,scirpus_atrovirens,leaf_width,17mm,7mm
1861,scirpus_congdonii,fruit_length,1.3mm,0.9mm
1862,scirpus_congdonii,fruit_width,0.8mm,0.6mm
1863,scirpus_congdonii,leaf_width,7mm,3mm
1864,scirpus_cyperinus,fruit_length,0.9mm,0.6mm
1865,scirpus_cyperinus,fruit_width,0.5mm,0.3mm
1866,scirpus_cyperinus,leaf_width,10mm,3mm
1867,scirpus_diffusus,fruit_length,1.3mm,0.9mm
1868,scirpus_diffusus,fruit_width,0.8mm,0.7mm
1869,scirpus_diffusus,leaf_width,8mm,5mm
1870,scirpus_divaricatus,fruit_length,1mm,0.8mm
1871,scirpus_divaricatus,fruit_width,0.8mm,0.6mm
1872,scirpus_divaricatus,leaf_width,8mm,4mm
1873,scirpus_expansus,fruit_length,1.6mm,1mm
1874,scirpus_expansus,fruit_width,0.8mm;1mm,0.6mm;0.8mm
1875,scirpus_expansus,leaf_width,23mm,9mm
1876,scirpus_flaccidifolius,fruit_length,1.2mm,1mm
1877,scirpus_flaccidifolius,fruit_width,0.6mm,0.4mm
1878,scirpus_flaccidifolius,leaf_width,14mm,9mm
1879,scirpus_georgianus,fruit_length,1.2mm,0.6mm
1880,scirpus_georgianus,fruit_width,0.5mm,0.4mm
1881,scirpus_georgianus,leaf_width,13mm,6mm
1882,scirpus_hattorianus,fruit_length,0.7mm;1.1mm,0.6mm;0.7mm
1883,scirpus_hattorianus,fruit_width,0.5mm,0.3mm
1884,scirpus_hattorianus,leaf_width,9mm,5mm
1885,scirpus_lineatus,fruit_length,1.5mm,1.1mm
1886,scirpus_lineatus,fruit_width,0.7mm,0.6mm
1887,scirpus_lineatus,leaf_width,13mm,6mm
1888,scirpus_longii,fruit_length,1mm,0.7mm
1889,scirpus_longii,fruit_width,0.5mm,0.4mm
1890,scirpus_longii,leaf_width,9mm,5mm
1891,scirpus_microcarpus,fruit_length,1.6mm,0.7mm
1892,scirpus_microcarpus,fruit_width,1mm,0.8mm
1893,scirpus_microcarpus,leaf_width,20mm;15mm,15mm;5mm
1894,scirpus_pallidus,fruit_length,1.2mm,0.8mm
1895,scirpus_pallidus,fruit_width,0.6mm,0.4mm
1896,scirpus_pallidus,leaf_width,16mm,8mm
1897,scirpus_pedicellatus,leaf_width,9mm,5mm
1898,scirpus_pendulus,branch_quantity,2,1
1899,scirpus_pendulus,fruit_length,1.2mm,1mm
1900,scirpus_pendulus,fruit_width,0.8mm,0.6mm
1901,scirpus_pendulus,leaf_width,12mm;8mm,8mm;4mm
1902,scirpus_polyphyllus,fruit_length,1.8mm;1.4mm,1.4mm;1.1mm
1903,scirpus_polyphyllus,fruit_width,1mm,0.8mm
1904,scirpus_polyphyllus,leaf_width,8mm,5mm
1905,trichophorum_alpinum,fruit_length,1.6mm,1.2mm
1906,trichophorum_alpinum,fruit_width,0.8mm,0.5mm
1907,trichophorum_alpinum,leaf_width,0.5mm,0.4mm
1908,trichophorum_alpinum,plant_height,40cm,10cm
1909,trichophorum_cespitosum,fruit_length,1.7mm,1.4mm
1910,trichophorum_cespitosum,fruit_width,0.9mm,0.6mm
1911,trichophorum_cespitosum,leaf_width,0.4mm,0.3mm
1912,trichophorum_cespitosum,plant_height,45cm,5cm
1913,trichophorum_clementis,fruit_length,1.6mm,1.2mm
1914,trichophorum_clementis,fruit_width,0.8mm,0.7mm
1915,trichophorum_clementis,leaf_width,0.7mm,0.4mm
1916,trichophorum_clementis,plant_height,12cm,2cm
1917,trichophorum_clintonii,fruit_length,2mm,1.5mm
1918,trichophorum_clintonii,fruit_width,1.2mm,1mm
1919,trichophorum_clintonii,leaf_width,1mm;0.8mm,0.8mm;0.5mm
1920,trichophorum_clintonii,plant_height,36cm,7.5cm
1921,trichophorum_planifolium,fruit_length,2mm,1.5mm
1922,trichophorum_planifolium,fruit_width,1.1mm,0.7mm
1923,trichophorum_planifolium,leaf_width,2mm,0.8mm
1924,trichophorum_planifolium,plant_height,40cm,10cm
1925,trichophorum_pumilum,fruit_length,1.4mm;1.9mm,1.2mm;1.4mm
1926,trichophorum_pumilum,fruit_width,1.2mm,0.8mm
1927,trichophorum_pumilum,leaf_width,0.5mm,0.4mm
1928,trichophorum_pumilum,plant_height,14cm,5cm
1929,carex_douglasii,branch_quantity,,1/2
1930,carex_duriuscula,branch_quantity,,1/2
